datum,uhrzeit_start,uhrzeit_ende,zaehlstelle,richtung_1,richtung_2,gesamt,min-temp,max-temp,niederschlag,bewoelkung,sonnenstunden
2025.01.01,00:00,23.59,Arnulf,235,19,254,-3.2,12.7,0,70,8.1
2025.01.02,00:00,23.59,Arnulf,370,38,408,0.3,10.5,15.7,95,0
2025.01.03,00:00,23.59,Arnulf,219,25,244,-3.3,0.9,0,49,5.1
2025.01.04,00:00,23.59,Arnulf,155,20,175,-5.4,0.2,12.5,65,6.1
2025.01.05,00:00,23.59,Arnulf,129,21,150,-2,9.8,11.4,96,0
2025.01.06,00:00,23.59,Arnulf,285,15,300,1.7,13.7,1.1,98,5
2025.01.07,00:00,23.59,Arnulf,898,74,972,2.6,8.4,0.9,74,2.2
2025.01.08,00:00,23.59,Arnulf,522,54,576,0.9,11.8,8.5,94,0
2025.01.09,00:00,23.59,Arnulf,874,62,936,0.6,13.7,4.8,90,3.8
2025.01.10,00:00,23.59,Arnulf,677,54,731,-2.4,3,0,59,2.8
2025.01.11,00:00,23.59,Arnulf,414,40,454,-3.6,-0.8,0,50,3.3
2025.01.12,00:00,23.59,Arnulf,345,36,381,-2.9,0,0,74,2.1
2025.01.13,00:00,23.59,Arnulf,738,61,799,-5.2,-0.1,0,41,6.7
2025.01.14,00:00,23.59,Arnulf,811,74,885,-6.2,0.2,0,58,4.9
2025.01.15,00:00,23.59,Arnulf,486,48,534,-3.3,0.6,3.5,94,0
2025.01.16,00:00,23.59,Arnulf,656,46,702,-0.3,1.4,0,99,0
2025.01.17,00:00,23.59,Arnulf,602,64,666,-0.9,0.2,0,100,0
2025.01.18,00:00,23.59,Arnulf,386,32,418,-3.7,0.2,0,75,1
2025.01.19,00:00,23.59,Arnulf,350,37,387,-4,4.9,0,41,8.3
2025.01.20,00:00,23.59,Arnulf,766,54,820,-3.2,7.3,0,80,5.6
2025.01.21,00:00,23.59,Arnulf,923,53,976,-3.4,4.7,0,66,7.7
2025.01.22,00:00,23.59,Arnulf,859,63,922,-4.2,2.6,0,98,4.6
2025.01.23,00:00,23.59,Arnulf,793,57,850,-0.9,7,0.7,84,2
2025.01.24,00:00,23.59,Arnulf,820,52,872,0.8,13,0,89,5.8
2025.01.25,00:00,23.59,Arnulf,588,29,617,4.1,16.6,0,91,2.5
2025.01.26,00:00,23.59,Arnulf,418,31,449,2.2,9,0,81,1.2
2025.01.27,00:00,23.59,Arnulf,857,63,920,2.1,12.9,11.2,94,1.9
2025.01.28,00:00,23.59,Arnulf,545,56,601,0.9,6,15,91,0
2025.01.29,00:00,23.59,Arnulf,994,84,1078,2.2,9.8,0.1,63,4.6
2025.01.30,00:00,23.59,Arnulf,1055,82,1137,-1.2,8.3,0,88,5
2025.01.31,00:00,23.59,Arnulf,728,61,789,0.9,5.5,0,98,0
2025.01.01,00:00,23.59,Olympia,325,337,662,-3.2,12.7,0,70,8.1
2025.01.02,00:00,23.59,Olympia,233,260,493,0.3,10.5,15.7,95,0
2025.01.03,00:00,23.59,Olympia,204,214,418,-3.3,0.9,0,49,5.1
2025.01.04,00:00,23.59,Olympia,177,191,368,-5.4,0.2,12.5,65,6.1
2025.01.05,00:00,23.59,Olympia,141,148,289,-2,9.8,11.4,96,0
2025.01.06,00:00,23.59,Olympia,495,423,918,1.7,13.7,1.1,98,5
2025.01.07,00:00,23.59,Olympia,771,761,1532,2.6,8.4,0.9,74,2.2
2025.01.08,00:00,23.59,Olympia,510,507,1017,0.9,11.8,8.5,94,0
2025.01.09,00:00,23.59,Olympia,816,791,1607,0.6,13.7,4.8,90,3.8
2025.01.10,00:00,23.59,Olympia,741,729,1470,-2.4,3,0,59,2.8
2025.01.11,00:00,23.59,Olympia,409,380,789,-3.6,-0.8,0,50,3.3
2025.01.12,00:00,23.59,Olympia,401,349,750,-2.9,0,0,74,2.1
2025.01.13,00:00,23.59,Olympia,769,720,1489,-5.2,-0.1,0,41,6.7
2025.01.14,00:00,23.59,Olympia,767,743,1510,-6.2,0.2,0,58,4.9
2025.01.15,00:00,23.59,Olympia,474,450,924,-3.3,0.6,3.5,94,0
2025.01.16,00:00,23.59,Olympia,611,563,1174,-0.3,1.4,0,99,0
2025.01.17,00:00,23.59,Olympia,580,507,1087,-0.9,0.2,0,100,0
2025.01.18,00:00,23.59,Olympia,418,339,757,-3.7,0.2,0,75,1
2025.01.19,00:00,23.59,Olympia,517,448,965,-4,4.9,0,41,8.3
2025.01.20,00:00,23.59,Olympia,796,759,1555,-3.2,7.3,0,80,5.6
2025.01.21,00:00,23.59,Olympia,879,814,1693,-3.4,4.7,0,66,7.7
2025.01.22,00:00,23.59,Olympia,782,704,1486,-4.2,2.6,0,98,4.6
2025.01.23,00:00,23.59,Olympia,771,721,1492,-0.9,7,0.7,84,2
2025.01.24,00:00,23.59,Olympia,978,939,1917,0.8,13,0,89,5.8
2025.01.25,00:00,23.59,Olympia,676,750,1426,4.1,16.6,0,91,2.5
2025.01.26,00:00,23.59,Olympia,590,548,1138,2.2,9,0,81,1.2
2025.01.27,00:00,23.59,Olympia,866,810,1676,2.1,12.9,11.2,94,1.9
2025.01.28,00:00,23.59,Olympia,506,523,1029,0.9,6,15,91,0
2025.01.29,00:00,23.59,Olympia,914,912,1826,2.2,9.8,0.1,63,4.6
2025.01.30,00:00,23.59,Olympia,894,870,1764,-1.2,8.3,0,88,5
2025.01.31,00:00,23.59,Olympia,680,641,1321,0.9,5.5,0,98,0
2025.01.01,00:00,23.59,Hirsch,159,136,295,-3.2,12.7,0,70,8.1
2025.01.02,00:00,23.59,Hirsch,203,230,433,0.3,10.5,15.7,95,0
2025.01.03,00:00,23.59,Hirsch,109,116,225,-3.3,0.9,0,49,5.1
2025.01.04,00:00,23.59,Hirsch,86,86,172,-5.4,0.2,12.5,65,6.1
2025.01.05,00:00,23.59,Hirsch,39,46,85,-2,9.8,11.4,96,0
2025.01.06,00:00,23.59,Hirsch,202,189,391,1.7,13.7,1.1,98,5
2025.01.07,00:00,23.59,Hirsch,695,721,1416,2.6,8.4,0.9,74,2.2
2025.01.08,00:00,23.59,Hirsch,378,399,777,0.9,11.8,8.5,94,0
2025.01.09,00:00,23.59,Hirsch,662,694,1356,0.6,13.7,4.8,90,3.8
2025.01.10,00:00,23.59,Hirsch,508,495,1003,-2.4,3,0,59,2.8
2025.01.11,00:00,23.59,Hirsch,208,210,418,-3.6,-0.8,0,50,3.3
2025.01.12,00:00,23.59,Hirsch,170,160,330,-2.9,0,0,74,2.1
2025.01.13,00:00,23.59,Hirsch,609,624,1233,-5.2,-0.1,0,41,6.7
2025.01.14,00:00,23.59,Hirsch,633,653,1286,-6.2,0.2,0,58,4.9
2025.01.15,00:00,23.59,Hirsch,348,358,706,-3.3,0.6,3.5,94,0
2025.01.16,00:00,23.59,Hirsch,392,382,774,-0.3,1.4,0,99,0
2025.01.17,00:00,23.59,Hirsch,411,422,833,-0.9,0.2,0,100,0
2025.01.18,00:00,23.59,Hirsch,200,193,393,-3.7,0.2,0,75,1
2025.01.19,00:00,23.59,Hirsch,277,243,520,-4,4.9,0,41,8.3
2025.01.20,00:00,23.59,Hirsch,680,704,1384,-3.2,7.3,0,80,5.6
2025.01.21,00:00,23.59,Hirsch,736,761,1497,-3.4,4.7,0,66,7.7
2025.01.22,00:00,23.59,Hirsch,679,676,1355,-4.2,2.6,0,98,4.6
2025.01.23,00:00,23.59,Hirsch,583,605,1188,-0.9,7,0.7,84,2
2025.01.24,00:00,23.59,Hirsch,605,578,1183,0.8,13,0,89,5.8
2025.01.25,00:00,23.59,Hirsch,353,370,723,4.1,16.6,0,91,2.5
2025.01.26,00:00,23.59,Hirsch,254,236,490,2.2,9,0,81,1.2
2025.01.27,00:00,23.59,Hirsch,706,751,1457,2.1,12.9,11.2,94,1.9
2025.01.28,00:00,23.59,Hirsch,419,407,826,0.9,6,15,91,0
2025.01.29,00:00,23.59,Hirsch,744,743,1487,2.2,9.8,0.1,63,4.6
2025.01.30,00:00,23.59,Hirsch,757,804,1561,-1.2,8.3,0,88,5
2025.01.31,00:00,23.59,Hirsch,517,514,1031,0.9,5.5,0,98,0
2025.01.01,00:00,23.59,Erhardt,559,541,1100,-3.2,12.7,0,70,8.1
2025.01.02,00:00,23.59,Erhardt,536,537,1073,0.3,10.5,15.7,95,0
2025.01.03,00:00,23.59,Erhardt,402,408,810,-3.3,0.9,0,49,5.1
2025.01.04,00:00,23.59,Erhardt,337,358,695,-5.4,0.2,12.5,65,6.1
2025.01.05,00:00,23.59,Erhardt,168,231,399,-2,9.8,11.4,96,0
2025.01.06,00:00,23.59,Erhardt,690,733,1423,1.7,13.7,1.1,98,5
2025.01.07,00:00,23.59,Erhardt,1573,1310,2883,2.6,8.4,0.9,74,2.2
2025.01.08,00:00,23.59,Erhardt,969,856,1825,0.9,11.8,8.5,94,0
2025.01.09,00:00,23.59,Erhardt,1518,1319,2837,0.6,13.7,4.8,90,3.8
2025.01.10,00:00,23.59,Erhardt,1242,1133,2375,-2.4,3,0,59,2.8
2025.01.11,00:00,23.59,Erhardt,674,681,1355,-3.6,-0.8,0,50,3.3
2025.01.12,00:00,23.59,Erhardt,563,615,1178,-2.9,0,0,74,2.1
2025.01.13,00:00,23.59,Erhardt,1453,1211,2664,-5.2,-0.1,0,41,6.7
2025.01.14,00:00,23.59,Erhardt,1548,1213,2761,-6.2,0.2,0,58,4.9
2025.01.15,00:00,23.59,Erhardt,972,658,1630,-3.3,0.6,3.5,94,0
2025.01.16,00:00,23.59,Erhardt,1049,1110,2159,-0.3,1.4,0,99,0
2025.01.17,00:00,23.59,Erhardt,1084,937,2021,-0.9,0.2,0,100,0
2025.01.18,00:00,23.59,Erhardt,611,651,1262,-3.7,0.2,0,75,1
2025.01.19,00:00,23.59,Erhardt,834,778,1612,-4,4.9,0,41,8.3
2025.01.20,00:00,23.59,Erhardt,1592,1208,2800,-3.2,7.3,0,80,5.6
2025.01.21,00:00,23.59,Erhardt,1805,1383,3188,-3.4,4.7,0,66,7.7
2025.01.22,00:00,23.59,Erhardt,1587,1269,2856,-4.2,2.6,0,98,4.6
2025.01.23,00:00,23.59,Erhardt,1488,1168,2656,-0.9,7,0.7,84,2
2025.01.24,00:00,23.59,Erhardt,1563,1227,2790,0.8,13,0,89,5.8
2025.01.25,00:00,23.59,Erhardt,1186,1289,2475,4.1,16.6,0,91,2.5
2025.01.26,00:00,23.59,Erhardt,857,919,1776,2.2,9,0,81,1.2
2025.01.27,00:00,23.59,Erhardt,1589,1270,2859,2.1,12.9,11.2,94,1.9
2025.01.28,00:00,23.59,Erhardt,1078,767,1845,0.9,6,15,91,0
2025.01.29,00:00,23.59,Erhardt,1876,1440,3316,2.2,9.8,0.1,63,4.6
2025.01.30,00:00,23.59,Erhardt,1878,1442,3320,-1.2,8.3,0,88,5
2025.01.31,00:00,23.59,Erhardt,1224,1024,2248,0.9,5.5,0,98,0
2025.02.01,00.00,23.59,Arnulf,445,33,478,-1.5,3.1,0.0,78,0.5
2025.02.02,00.00,23.59,Arnulf,374,40,414,-2.1,0.7,0.0,91,0.0
2025.02.03,00.00,23.59,Arnulf,877,81,958,-1.4,0.4,0.0,100,0.0
2025.02.04,00.00,23.59,Arnulf,1004,68,1072,-2.0,3.4,0.0,84,4.3
2025.02.05,00.00,23.59,Arnulf,950,85,1035,-2.8,5.3,0.0,55,7.4
2025.02.06,00.00,23.59,Arnulf,904,82,986,-0.7,1.4,0.0,100,0.0
2025.02.07,00.00,23.59,Arnulf,689,67,756,-1.2,4.5,0.0,99,2.4
2025.02.08,00.00,23.59,Arnulf,617,44,661,-3.5,9.0,0.0,54,8.7
2025.02.09,00.00,23.59,Arnulf,403,33,436,-1.9,6.3,0.0,88,3.4
2025.02.10,00.00,23.59,Arnulf,947,71,1018,-0.7,6.8,0.9,88,4.1
2025.02.11,00.00,23.59,Arnulf,845,54,899,0.3,4.8,4.2,84,0.1
2025.02.12,00.00,23.59,Arnulf,817,62,879,2.9,11.5,1.8,98,0.5
2025.02.13,00.00,23.59,Arnulf,635,55,690,0.4,7.9,3.7,96,0.0
2025.02.14,00.00,23.59,Arnulf,502,41,543,-1.8,0.4,1.8,96,0.0
2025.02.15,00.00,23.59,Arnulf,423,25,448,-3.3,1.5,0.0,75,3.6
2025.02.16,00.00,23.59,Arnulf,168,19,187,-3.0,-1.1,1.6,96,0.1
2025.02.17,00.00,23.59,Arnulf,503,42,545,-5.8,0.6,0.0,30,9.6
2025.02.18,00.00,23.59,Arnulf,659,58,717,-4.6,1.5,0.0,48,6.9
2025.02.19,00.00,23.59,Arnulf,810,71,881,-6.5,3.1,0.0,10,9.6
2025.02.20,00.00,23.59,Arnulf,948,61,1009,-3.9,11.5,0.0,59,7.7
2025.02.21,00.00,23.59,Arnulf,916,73,989,1.3,15.1,0.0,85,9.3
2025.02.22,00.00,23.59,Arnulf,700,60,760,-0.4,13.6,0.0,99,9.0
2025.02.23,00.00,23.59,Arnulf,473,37,510,5.4,11.2,0.0,98,0.3
2025.02.24,00.00,23.59,Arnulf,1087,81,1168,5.5,14.2,0.0,95,6.9
2025.02.25,00.00,23.59,Arnulf,1166,87,1253,6.4,14.3,5.0,99,3.5
2025.02.26,00.00,23.59,Arnulf,988,70,1058,4.1,7.3,0.0,99,3.3
2025.02.27,00.00,23.59,Arnulf,967,72,1039,1.6,7.2,0.5,64,3.3
2025.02.28,00.00,23.59,Arnulf,825,64,889,1.1,6.0,0.0,86,0.8
2025.02.01,00.00,23.59,Olympia,435,423,858,-1.5,3.1,0.0,78,0.5
2025.02.02,00.00,23.59,Olympia,421,380,801,-2.1,0.7,0.0,91,0.0
2025.02.03,00.00,23.59,Olympia,774,753,1527,-1.4,0.4,0.0,100,0.0
2025.02.04,00.00,23.59,Olympia,936,893,1829,-2.0,3.4,0.0,84,4.3
2025.02.05,00.00,23.59,Olympia,845,862,1707,-2.8,5.3,0.0,55,7.4
2025.02.06,00.00,23.59,Olympia,788,810,1598,-0.7,1.4,0.0,100,0.0
2025.02.07,00.00,23.59,Olympia,675,670,1345,-1.2,4.5,0.0,99,2.4
2025.02.08,00.00,23.59,Olympia,692,710,1402,-3.5,9.0,0.0,54,8.7
2025.02.09,00.00,23.59,Olympia,454,455,909,-1.9,6.3,0.0,88,3.4
2025.02.10,00.00,23.59,Olympia,848,799,1647,-0.7,6.8,0.9,88,4.1
2025.02.11,00.00,23.59,Olympia,710,664,1374,0.3,4.8,4.2,84,0.1
2025.02.12,00.00,23.59,Olympia,723,709,1432,2.9,11.5,1.8,98,0.5
2025.02.13,00.00,23.59,Olympia,580,528,1108,0.4,7.9,3.7,96,0.0
2025.02.14,00.00,23.59,Olympia,489,460,949,-1.8,0.4,1.8,96,0.0
2025.02.15,00.00,23.59,Olympia,431,376,807,-3.3,1.5,0.0,75,3.6
2025.02.16,00.00,23.59,Olympia,258,217,475,-3.0,-1.1,1.6,96,0.1
2025.02.17,00.00,23.59,Olympia,541,499,1040,-5.8,0.6,0.0,30,9.6
2025.02.18,00.00,23.59,Olympia,637,681,1318,-4.6,1.5,0.0,48,6.9
2025.02.19,00.00,23.59,Olympia,699,692,1391,-6.5,3.1,0.0,10,9.6
2025.02.20,00.00,23.59,Olympia,806,782,1588,-3.9,11.5,0.0,59,7.7
2025.02.21,00.00,23.59,Olympia,899,910,1809,1.3,15.1,0.0,85,9.3
2025.02.22,00.00,23.59,Olympia,695,663,1358,-0.4,13.6,0.0,99,9.0
2025.02.23,00.00,23.59,Olympia,631,630,1261,5.4,11.2,0.0,98,0.3
2025.02.24,00.00,23.59,Olympia,1014,1013,2027,5.5,14.2,0.0,95,6.9
2025.02.25,00.00,23.59,Olympia,937,933,1870,6.4,14.3,5.0,99,3.5
2025.02.26,00.00,23.59,Olympia,786,772,1558,4.1,7.3,0.0,99,3.3
2025.02.27,00.00,23.59,Olympia,799,808,1607,1.6,7.2,0.5,64,3.3
2025.02.28,00.00,23.59,Olympia,701,693,1394,1.1,6.0,0.0,86,0.8
2025.02.01,00.00,23.59,Hirsch,273,241,514,-1.5,3.1,0.0,78,0.5
2025.02.02,00.00,23.59,Hirsch,185,181,366,-2.1,0.7,0.0,91,0.0
2025.02.03,00.00,23.59,Hirsch,697,710,1407,-1.4,0.4,0.0,100,0.0
2025.02.04,00.00,23.59,Hirsch,783,817,1600,-2.0,3.4,0.0,84,4.3
2025.02.05,00.00,23.59,Hirsch,765,759,1524,-2.8,5.3,0.0,55,7.4
2025.02.06,00.00,23.59,Hirsch,628,642,1270,-0.7,1.4,0.0,100,0.0
2025.02.07,00.00,23.59,Hirsch,497,517,1014,-1.2,4.5,0.0,99,2.4
2025.02.08,00.00,23.59,Hirsch,658,678,1336,-3.5,9.0,0.0,54,8.7
2025.02.09,00.00,23.59,Hirsch,251,270,521,-1.9,6.3,0.0,88,3.4
2025.02.10,00.00,23.59,Hirsch,732,752,1484,-0.7,6.8,0.9,88,4.1
2025.02.11,00.00,23.59,Hirsch,623,652,1275,0.3,4.8,4.2,84,0.1
2025.02.12,00.00,23.59,Hirsch,584,617,1201,2.9,11.5,1.8,98,0.5
2025.02.13,00.00,23.59,Hirsch,481,515,996,0.4,7.9,3.7,96,0.0
2025.02.14,00.00,23.59,Hirsch,343,365,708,-1.8,0.4,1.8,96,0.0
2025.02.15,00.00,23.59,Hirsch,230,245,475,-3.3,1.5,0.0,75,3.6
2025.02.16,00.00,23.59,Hirsch,101,99,200,-3.0,-1.1,1.6,96,0.1
2025.02.17,00.00,23.59,Hirsch,360,368,728,-5.8,0.6,0.0,30,9.6
2025.02.18,00.00,23.59,Hirsch,562,575,1137,-4.6,1.5,0.0,48,6.9
2025.02.19,00.00,23.59,Hirsch,551,578,1129,-6.5,3.1,0.0,10,9.6
2025.02.20,00.00,23.59,Hirsch,671,692,1363,-3.9,11.5,0.0,59,7.7
2025.02.21,00.00,23.59,Hirsch,669,667,1336,1.3,15.1,0.0,85,9.3
2025.02.22,00.00,23.59,Hirsch,492,441,933,-0.4,13.6,0.0,99,9.0
2025.02.23,00.00,23.59,Hirsch,304,290,594,5.4,11.2,0.0,98,0.3
2025.02.24,00.00,23.59,Hirsch,926,977,1903,5.5,14.2,0.0,95,6.9
2025.02.25,00.00,23.59,Hirsch,941,972,1913,6.4,14.3,5.0,99,3.5
2025.02.26,00.00,23.59,Hirsch,714,761,1475,4.1,7.3,0.0,99,3.3
2025.02.27,00.00,23.59,Hirsch,688,735,1423,1.6,7.2,0.5,64,3.3
2025.02.28,00.00,23.59,Hirsch,549,573,1122,1.1,6.0,0.0,86,0.8
2025.02.01,00.00,23.59,Erhardt,857,862,1719,-1.5,3.1,0.0,78,0.5
2025.02.02,00.00,23.59,Erhardt,635,700,1335,-2.1,0.7,0.0,91,0.0
2025.02.03,00.00,23.59,Erhardt,1514,1192,2706,-1.4,0.4,0.0,100,0.0
2025.02.04,00.00,23.59,Erhardt,1789,1284,3073,-2.0,3.4,0.0,84,4.3
2025.02.05,00.00,23.59,Erhardt,1847,1356,3203,-2.8,5.3,0.0,55,7.4
2025.02.06,00.00,23.59,Erhardt,1543,1233,2776,-0.7,1.4,0.0,100,0.0
2025.02.07,00.00,23.59,Erhardt,1393,1129,2522,-1.2,4.5,0.0,99,2.4
2025.02.08,00.00,23.59,Erhardt,1399,1435,2834,-3.5,9.0,0.0,54,8.7
2025.02.09,00.00,23.59,Erhardt,833,884,1717,-1.9,6.3,0.0,88,3.4
2025.02.10,00.00,23.59,Erhardt,1648,1259,2907,-0.7,6.8,0.9,88,4.1
2025.02.11,00.00,23.59,Erhardt,1604,1197,2801,0.3,4.8,4.2,84,0.1
2025.02.12,00.00,23.59,Erhardt,1583,1164,2747,2.9,11.5,1.8,98,0.5
2025.02.13,00.00,23.59,Erhardt,1196,976,2172,0.4,7.9,3.7,96,0.0
2025.02.14,00.00,23.59,Erhardt,973,780,1753,-1.8,0.4,1.8,96,0.0
2025.02.15,00.00,23.59,Erhardt,679,630,1309,-3.3,1.5,0.0,75,3.6
2025.02.16,00.00,23.59,Erhardt,334,340,674,-3.0,-1.1,1.6,96,0.1
2025.02.17,00.00,23.59,Erhardt,1048,787,1835,-5.8,0.6,0.0,30,9.6
2025.02.18,00.00,23.59,Erhardt,1528,1098,2626,-4.6,1.5,0.0,48,6.9
2025.02.19,00.00,23.59,Erhardt,1584,1176,2760,-6.5,3.1,0.0,10,9.6
2025.02.20,00.00,23.59,Erhardt,1789,1518,3307,-3.9,11.5,0.0,59,7.7
2025.02.21,00.00,23.59,Erhardt,1826,1571,3397,1.3,15.1,0.0,85,9.3
2025.02.22,00.00,23.59,Erhardt,1488,1508,2996,-0.4,13.6,0.0,99,9.0
2025.02.23,00.00,23.59,Erhardt,1026,1052,2078,5.4,11.2,0.0,98,0.3
2025.02.24,00.00,23.59,Erhardt,2236,1761,3997,5.5,14.2,0.0,95,6.9
2025.02.25,00.00,23.59,Erhardt,2214,1674,3888,6.4,14.3,5.0,99,3.5
2025.02.26,00.00,23.59,Erhardt,1830,1554,3384,4.1,7.3,0.0,99,3.3
2025.02.27,00.00,23.59,Erhardt,1890,1487,3377,1.6,7.2,0.5,64,3.3
2025.02.28,00.00,23.59,Erhardt,1579,1336,2915,1.1,6.0,0.0,86,0.8
2025.03.01,00:00,23.59,Arnulf,504,38,542,-1.5,4.8,0.0,59,3.2
2025.03.02,00:00,23.59,Arnulf,468,32,500,-2.5,8.8,0.0,24,10.8
2025.03.03,00:00,23.59,Arnulf,917,83,1000,-2.9,11.2,0.0,23,10.9
2025.03.04,00:00,23.59,Arnulf,967,72,1039,-1.6,12.5,0.0,49,10.4
2025.03.05,00:00,23.59,Arnulf,1130,76,1206,-1.3,15.4,0.0,6,11.0
2025.03.06,00:00,23.59,Arnulf,1177,73,1250,0.0,17.6,0.0,0,10.9
2025.03.07,00:00,23.59,Arnulf,969,77,1046,0.6,17.2,0.0,0,10.7
2025.03.08,00:00,23.59,Arnulf,893,62,955,0.2,17.7,0.0,5,11.1
2025.03.09,00:00,23.59,Arnulf,847,47,894,1.1,19.6,0.0,68,11.0
2025.03.10,00:00,23.59,Arnulf,1040,81,1121,4.7,12.4,0.0,79,1.8
2025.03.11,00:00,23.59,Arnulf,1378,100,1478,2.4,14.9,0.0,85,9.8
2025.03.12,00:00,23.59,Arnulf,1057,76,1133,4.3,10.3,4.6,98,0.8
2025.03.13,00:00,23.59,Arnulf,813,54,867,3.1,6.1,10.2,96,0.7
2025.03.14,00:00,23.59,Arnulf,771,64,835,1.4,5.7,0.5,96,0.0
2025.03.15,00:00,23.59,Arnulf,373,31,404,2.8,4.2,0.9,96,0.0
2025.03.16,00:00,23.59,Arnulf,316,31,347,1.6,4.4,0.3,98,0.0
2025.03.17,00:00,23.59,Arnulf,951,75,1026,-0.7,5.4,0.3,65,4.5
2025.03.18,00:00,23.59,Arnulf,1182,79,1261,-2.7,7.8,0.0,0,11.8
2025.03.19,00:00,23.59,Arnulf,1317,85,1402,-3.1,13.7,0.0,0,11.8
2025.03.20,00:00,23.59,Arnulf,1422,99,1521,-0.2,18.7,0.0,9,11.7
2025.03.21,00:00,23.59,Arnulf,1263,102,1365,3.1,19.2,0.0,85,10.0
2025.03.22,00:00,23.59,Arnulf,984,70,1054,6.7,19.2,0.0,80,10.5
2025.03.23,00:00,23.59,Arnulf,499,37,536,7.1,13.8,0.7,98,0.7
2025.03.24,00:00,23.59,Arnulf,1027,78,1105,5.8,13.8,4.4,96,2.7
2025.03.25,00:00,23.59,Arnulf,1036,76,1112,7.4,14.5,3.0,89,2.1
2025.03.26,00:00,23.59,Arnulf,989,89,1078,6.4,10.7,3.4,88,0.5
2025.03.27,00:00,23.59,Arnulf,983,79,1062,3.3,8.4,0.6,76,0.0
2025.03.28,00:00,23.59,Arnulf,1112,73,1185,1.3,13.7,3.4,66,7.4
2025.03.29,00:00,23.59,Arnulf,309,24,333,6.1,9.2,4.0,98,0.0
2025.03.30,00:00,23.59,Arnulf,577,52,629,6.5,12.5,0.0,95,4.1
2025.03.31,00:00,23.59,Arnulf,915,74,989,3.8,8.5,1.6,98,0.9
2025.03.01,00:00,23.59,Olympia,465,461,926,-1.5,4.8,0.0,59,3.2
2025.03.02,00:00,23.59,Olympia,678,626,1304,-2.5,8.8,0.0,24,10.8
2025.03.03,00:00,23.59,Olympia,821,890,1711,-2.9,11.2,0.0,23,10.9
2025.03.04,00:00,23.59,Olympia,947,959,1906,-1.6,12.5,0.0,49,10.4
2025.03.05,00:00,23.59,Olympia,1000,1046,2046,-1.3,15.4,0.0,6,11.0
2025.03.06,00:00,23.59,Olympia,1117,1166,2283,0.0,17.6,0.0,0,10.9
2025.03.07,00:00,23.59,Olympia,1102,1152,2254,0.6,17.2,0.0,0,10.7
2025.03.08,00:00,23.59,Olympia,1097,1052,2149,0.2,17.7,0.0,5,11.1
2025.03.09,00:00,23.59,Olympia,1272,1251,2523,1.1,19.6,0.0,68,11.0
2025.03.10,00:00,23.59,Olympia,926,920,1846,4.7,12.4,0.0,79,1.8
2025.03.11,00:00,23.59,Olympia,1149,1182,2331,2.4,14.9,0.0,85,9.8
2025.03.12,00:00,23.59,Olympia,855,853,1708,4.3,10.3,4.6,98,0.8
2025.03.13,00:00,23.59,Olympia,649,645,1294,3.1,6.1,10.2,96,0.7
2025.03.14,00:00,23.59,Olympia,696,733,1429,1.4,5.7,0.5,96,0.0
2025.03.15,00:00,23.59,Olympia,437,423,860,2.8,4.2,0.9,96,0.0
2025.03.16,00:00,23.59,Olympia,390,424,814,1.6,4.4,0.3,98,0.0
2025.03.17,00:00,23.59,Olympia,933,954,1887,-0.7,5.4,0.3,65,4.5
2025.03.18,00:00,23.59,Olympia,1055,1075,2130,-2.7,7.8,0.0,0,11.8
2025.03.19,00:00,23.59,Olympia,1124,1137,2261,-3.1,13.7,0.0,0,11.8
2025.03.20,00:00,23.59,Olympia,1381,1376,2757,-0.2,18.7,0.0,9,11.7
2025.03.21,00:00,23.59,Olympia,1270,1268,2538,3.1,19.2,0.0,85,10.0
2025.03.22,00:00,23.59,Olympia,1318,1305,2623,6.7,19.2,0.0,80,10.5
2025.03.23,00:00,23.59,Olympia,732,724,1456,7.1,13.8,0.7,98,0.7
2025.03.24,00:00,23.59,Olympia,1070,1041,2111,5.8,13.8,4.4,96,2.7
2025.03.25,00:00,23.59,Olympia,901,872,1773,7.4,14.5,3.0,89,2.1
2025.03.26,00:00,23.59,Olympia,856,842,1698,6.4,10.7,3.4,88,0.5
2025.03.27,00:00,23.59,Olympia,867,886,1753,3.3,8.4,0.6,76,0.0
2025.03.28,00:00,23.59,Olympia,1211,1172,2383,1.3,13.7,3.4,66,7.4
2025.03.29,00:00,23.59,Olympia,327,353,680,6.1,9.2,4.0,98,0.0
2025.03.30,00:00,23.59,Olympia,1000,936,1936,6.5,12.5,0.0,95,4.1
2025.03.31,00:00,23.59,Olympia,831,873,1704,3.8,8.5,1.6,98,0.9
2025.03.01,00:00,23.59,Hirsch,252,239,491,-1.5,4.8,0.0,59,3.2
2025.03.02,00:00,23.59,Hirsch,326,346,672,-2.5,8.8,0.0,24,10.8
2025.03.03,00:00,23.59,Hirsch,749,766,1515,-2.9,11.2,0.0,23,10.9
2025.03.04,00:00,23.59,Hirsch,786,796,1582,-1.6,12.5,0.0,49,10.4
2025.03.05,00:00,23.59,Hirsch,855,856,1711,-1.3,15.4,0.0,6,11.0
2025.03.06,00:00,23.59,Hirsch,877,880,1757,0.0,17.6,0.0,0,10.9
2025.03.07,00:00,23.59,Hirsch,770,756,1526,0.6,17.2,0.0,0,10.7
2025.03.08,00:00,23.59,Hirsch,629,605,1234,0.2,17.7,0.0,5,11.1
2025.03.09,00:00,23.59,Hirsch,687,609,1296,1.1,19.6,0.0,68,11.0
2025.03.10,00:00,23.59,Hirsch,832,859,1691,4.7,12.4,0.0,79,1.8
2025.03.11,00:00,23.59,Hirsch,1147,1155,2302,2.4,14.9,0.0,85,9.8
2025.03.12,00:00,23.59,Hirsch,782,800,1582,4.3,10.3,4.6,98,0.8
2025.03.13,00:00,23.59,Hirsch,601,605,1206,3.1,6.1,10.2,96,0.7
2025.03.14,00:00,23.59,Hirsch,558,580,1138,1.4,5.7,0.5,96,0.0
2025.03.15,00:00,23.59,Hirsch,203,206,409,2.8,4.2,0.9,96,0.0
2025.03.16,00:00,23.59,Hirsch,156,161,317,1.6,4.4,0.3,98,0.0
2025.03.17,00:00,23.59,Hirsch,804,864,1668,-0.7,5.4,0.3,65,4.5
2025.03.18,00:00,23.59,Hirsch,947,943,1890,-2.7,7.8,0.0,0,11.8
2025.03.19,00:00,23.59,Hirsch,1031,1038,2069,-3.1,13.7,0.0,0,11.8
2025.03.20,00:00,23.59,Hirsch,1125,1123,2248,-0.2,18.7,0.0,9,11.7
2025.03.21,00:00,23.59,Hirsch,902,932,1834,3.1,19.2,0.0,85,10.0
2025.03.22,00:00,23.59,Hirsch,643,644,1287,6.7,19.2,0.0,80,10.5
2025.03.23,00:00,23.59,Hirsch,294,301,595,7.1,13.8,0.7,98,0.7
2025.03.24,00:00,23.59,Hirsch,891,899,1790,5.8,13.8,4.4,96,2.7
2025.03.25,00:00,23.59,Hirsch,821,866,1687,7.4,14.5,3.0,89,2.1
2025.03.26,00:00,23.59,Hirsch,751,811,1562,6.4,10.7,3.4,88,0.5
2025.03.27,00:00,23.59,Hirsch,755,778,1533,3.3,8.4,0.6,76,0.0
2025.03.28,00:00,23.59,Hirsch,796,792,1588,1.3,13.7,3.4,66,7.4
2025.03.29,00:00,23.59,Hirsch,150,135,285,6.1,9.2,4.0,98,0.0
2025.03.30,00:00,23.59,Hirsch,352,386,738,6.5,12.5,0.0,95,4.1
2025.03.31,00:00,23.59,Hirsch,685,681,1366,3.8,8.5,1.6,98,0.9
2025.03.01,00:00,23.59,Erhardt,907,933,1840,-1.5,4.8,0.0,59,3.2
2025.03.02,00:00,23.59,Erhardt,1257,1245,2502,-2.5,8.8,0.0,24,10.8
2025.03.03,00:00,23.59,Erhardt,1884,1431,3315,-2.9,11.2,0.0,23,10.9
2025.03.04,00:00,23.59,Erhardt,2098,1682,3780,-1.6,12.5,0.0,49,10.4
2025.03.05,00:00,23.59,Erhardt,2389,1908,4297,-1.3,15.4,0.0,6,11.0
2025.03.06,00:00,23.59,Erhardt,2530,2115,4645,0.0,17.6,0.0,0,10.9
2025.03.07,00:00,23.59,Erhardt,2291,1980,4271,0.6,17.2,0.0,0,10.7
2025.03.08,00:00,23.59,Erhardt,2463,2375,4838,0.2,17.7,0.0,5,11.1
2025.03.09,00:00,23.59,Erhardt,2804,3028,5832,1.1,19.6,0.0,68,11.0
2025.03.10,00:00,23.59,Erhardt,2111,1596,3707,4.7,12.4,0.0,79,1.8
2025.03.11,00:00,23.59,Erhardt,2781,2144,4925,2.4,14.9,0.0,85,9.8
2025.03.12,00:00,23.59,Erhardt,2114,1547,3661,4.3,10.3,4.6,98,0.8
2025.03.13,00:00,23.59,Erhardt,1557,1221,2778,3.1,6.1,10.2,96,0.7
2025.03.14,00:00,23.59,Erhardt,1470,1168,2638,1.4,5.7,0.5,96,0.0
2025.03.15,00:00,23.59,Erhardt,696,722,1418,2.8,4.2,0.9,96,0.0
2025.03.16,00:00,23.59,Erhardt,634,656,1290,1.6,4.4,0.3,98,0.0
2025.03.17,00:00,23.59,Erhardt,1983,1488,3471,-0.7,5.4,0.3,65,4.5
2025.03.18,00:00,23.59,Erhardt,2386,1686,4072,-2.7,7.8,0.0,0,11.8
2025.03.19,00:00,23.59,Erhardt,2533,1960,4493,-3.1,13.7,0.0,0,11.8
2025.03.20,00:00,23.59,Erhardt,2978,2360,5338,-0.2,18.7,0.0,9,11.7
2025.03.21,00:00,23.59,Erhardt,2569,2201,4770,3.1,19.2,0.0,85,10.0
2025.03.22,00:00,23.59,Erhardt,2388,2440,4828,6.7,19.2,0.0,80,10.5
2025.03.23,00:00,23.59,Erhardt,1040,1106,2146,7.1,13.8,0.7,98,0.7
2025.03.24,00:00,23.59,Erhardt,1976,1554,3530,5.8,13.8,4.4,96,2.7
2025.03.25,00:00,23.59,Erhardt,1965,1512,3477,7.4,14.5,3.0,89,2.1
2025.03.26,00:00,23.59,Erhardt,2019,1452,3471,6.4,10.7,3.4,88,0.5
2025.03.27,00:00,23.59,Erhardt,1894,1355,3249,3.3,8.4,0.6,76,0.0
2025.03.28,00:00,23.59,Erhardt,2277,1908,4185,1.3,13.7,3.4,66,7.4
2025.03.29,00:00,23.59,Erhardt,508,527,1035,6.1,9.2,4.0,98,0.0
2025.03.30,00:00,23.59,Erhardt,1396,1355,2751,6.5,12.5,0.0,95,4.1
2025.03.31,00:00,23.59,Erhardt,1680,1274,2954,3.8,8.5,1.6,98,0.9
2025.04.01,00:00,23.59,Arnulf,977,80,1057,3.5,9.9,0.1,93,1.0
2025.04.02,00:00,23.59,Arnulf,1291,67,1358,4.8,14.4,0.0,38,11.5
2025.04.03,00:00,23.59,Arnulf,1548,95,1643,5.6,18.7,0.0,16,12.6
2025.04.04,00:00,23.59,Arnulf,1452,79,1531,3.8,19.5,0.0,0,12.8
2025.04.05,00:00,23.59,Arnulf,1197,66,1263,4.5,19.6,0.0,46,9.8
2025.04.06,00:00,23.59,Arnulf,625,54,679,0.2,8.6,0.0,9,12.4
2025.04.07,00:00,23.59,Arnulf,1231,95,1326,-0.4,9.8,0.0,35,12.9
2025.04.08,00:00,23.59,Arnulf,1566,96,1662,0.5,13.5,0.0,0,12.7
2025.04.09,00:00,23.59,Arnulf,1503,113,1616,1.3,12.4,0.0,45,10.0
2025.04.10,00:00,23.59,Arnulf,1460,95,1555,4.4,15.4,0.0,56,9.6
2025.04.11,00:00,23.59,Arnulf,1434,93,1527,3.7,19.1,0.0,33,12.8
2025.04.12,00:00,23.59,Arnulf,1259,65,1324,5.1,21.6,0.0,49,12.9
2025.04.13,00:00,23.59,Arnulf,773,70,843,9.0,20.3,0.0,91,1.2
2025.04.14,00:00,23.59,Arnulf,1406,110,1516,11.0,20.7,0.0,94,6.1
2025.04.15,00:00,23.59,Arnulf,1669,107,1776,10.4,22.1,0.0,83,8.4
2025.04.16,00:00,23.59,Arnulf,1617,110,1727,8.8,24.6,0.0,86,6.3
2025.04.17,00:00,23.59,Arnulf,1203,87,1290,9.0,17.1,0.0,88,4.2
2025.04.18,00:00,23.59,Arnulf,557,25,582,6.7,11.4,0.0,98,1.8
2025.04.19,00:00,23.59,Arnulf,1036,63,1099,3.8,21.1,0.0,36,13.3
2025.04.20,00:00,23.59,Arnulf,719,71,790,7.3,23.9,0.0,71,8.6
2025.04.21,00:00,23.59,Arnulf,686,50,736,9.4,17.9,0.0,99,4.6
2025.04.22,00:00,23.59,Arnulf,1345,107,1452,5.4,19.9,0.0,84,9.8
2025.04.23,00:00,23.59,Arnulf,1394,83,1477,5.4,19.9,0.0,84,9.8
2025.04.24,00:00,23.59,Arnulf,1098,75,1173,8.1,13.4,8.1,98,0.5
2025.04.25,00:00,23.59,Arnulf,1038,64,1102,7.8,14.4,0.0,90,2.5
2025.04.26,00:00,23.59,Arnulf,788,48,836,7.8,14.4,0.0,90,2.5
2025.04.27,00:00,23.59,Arnulf,1163,93,1256,6.9,18.0,0.0,95,13.6
2025.04.28,00:00,23.59,Arnulf,1818,104,1922,6.9,22.0,0.0,79,13.8
2025.04.29,00:00,23.59,Arnulf,2116,137,2253,7.8,24.1,0.0,13,13.8
2025.04.30,00:00,23.59,Arnulf,2089,118,2207,8.5,24.4,0.0,13,13.5
2025.04.01,00:00,23.59,Olympia,880,864,1744,3.5,9.9,0.1,93,1.0
2025.04.02,00:00,23.59,Olympia,1305,1283,2588,4.8,14.4,0.0,38,11.5
2025.04.03,00:00,23.59,Olympia,1642,1666,3308,5.6,18.7,0.0,16,12.6
2025.04.04,00:00,23.59,Olympia,1931,1822,3753,3.8,19.5,0.0,0,12.8
2025.04.05,00:00,23.59,Olympia,1976,1653,3629,4.5,19.6,0.0,46,9.8
2025.04.06,00:00,23.59,Olympia,1482,1250,2732,0.2,8.6,0.0,9,12.4
2025.04.07,00:00,23.59,Olympia,1262,1265,2527,-0.4,9.8,0.0,35,12.9
2025.04.08,00:00,23.59,Olympia,1467,1462,2929,0.5,13.5,0.0,0,12.7
2025.04.09,00:00,23.59,Olympia,1301,1354,2655,1.3,12.4,0.0,45,10.0
2025.04.10,00:00,23.59,Olympia,1439,1426,2865,4.4,15.4,0.0,56,9.6
2025.04.11,00:00,23.59,Olympia,1639,1545,3184,3.7,19.1,0.0,33,12.8
2025.04.12,00:00,23.59,Olympia,1602,1521,3123,5.1,21.6,0.0,49,12.9
2025.04.13,00:00,23.59,Olympia,1135,1105,2240,9.0,20.3,0.0,91,1.2
2025.04.14,00:00,23.59,Olympia,1370,1379,2749,11.0,20.7,0.0,94,6.1
2025.04.15,00:00,23.59,Olympia,1577,1626,3203,10.4,22.1,0.0,83,8.4
2025.04.16,00:00,23.59,Olympia,1605,1660,3265,8.8,24.6,0.0,86,6.3
2025.04.17,00:00,23.59,Olympia,917,887,1804,9.0,17.1,0.0,88,4.2
2025.04.18,00:00,23.59,Olympia,615,542,1157,6.7,11.4,0.0,98,1.8
2025.04.19,00:00,23.59,Olympia,1027,978,2005,3.8,21.1,0.0,36,13.3
2025.04.20,00:00,23.59,Olympia,1148,1089,2237,7.3,23.9,0.0,71,8.6
2025.04.21,00:00,23.59,Olympia,938,934,1872,9.4,17.9,0.0,99,4.6
2025.04.22,00:00,23.59,Olympia,1212,1252,2464,5.4,19.9,0.0,84,9.8
2025.04.23,00:00,23.59,Olympia,1326,1440,2766,5.4,19.9,0.0,84,9.8
2025.04.24,00:00,23.59,Olympia,979,1012,1991,8.1,13.4,8.1,98,0.5
2025.04.25,00:00,23.59,Olympia,3069,1529,4598,7.8,14.4,0.0,90,2.5
2025.04.26,00:00,23.59,Olympia,4548,1955,6503,7.8,14.4,0.0,90,2.5
2025.04.27,00:00,23.59,Olympia,4845,2301,7146,6.9,18.0,0.0,95,13.6
2025.04.28,00:00,23.59,Olympia,1969,2021,3990,6.9,22.0,0.0,79,13.8
2025.04.29,00:00,23.59,Olympia,2114,2243,4357,7.8,24.1,0.0,13,13.8
2025.04.30,00:00,23.59,Olympia,2036,2104,4140,8.5,24.4,0.0,13,13.5
2025.04.01,00:00,23.59,Hirsch,800,867,1667,3.5,9.9,0.1,93,1.0
2025.04.02,00:00,23.59,Hirsch,1077,1070,2147,4.8,14.4,0.0,38,11.5
2025.04.03,00:00,23.59,Hirsch,1226,1272,2498,5.6,18.7,0.0,16,12.6
2025.04.04,00:00,23.59,Hirsch,1032,1049,2081,3.8,19.5,0.0,0,12.8
2025.04.05,00:00,23.59,Hirsch,751,687,1438,4.5,19.6,0.0,46,9.8
2025.04.06,00:00,23.59,Hirsch,421,412,833,0.2,8.6,0.0,9,12.4
2025.04.07,00:00,23.59,Hirsch,979,1004,1983,-0.4,9.8,0.0,35,12.9
2025.04.08,00:00,23.59,Hirsch,1156,1176,2332,0.5,13.5,0.0,0,12.7
2025.04.09,00:00,23.59,Hirsch,1155,1160,2315,1.3,12.4,0.0,45,10.0
2025.04.10,00:00,23.59,Hirsch,1167,1164,2331,4.4,15.4,0.0,56,9.6
2025.04.11,00:00,23.59,Hirsch,1102,1081,2183,3.7,19.1,0.0,33,12.8
2025.04.12,00:00,23.59,Hirsch,719,724,1443,5.1,21.6,0.0,49,12.9
2025.04.13,00:00,23.59,Hirsch,486,443,929,9.0,20.3,0.0,91,1.2
2025.04.14,00:00,23.59,Hirsch,1039,1030,2069,11.0,20.7,0.0,94,6.1
2025.04.15,00:00,23.59,Hirsch,1171,1180,2351,10.4,22.1,0.0,83,8.4
2025.04.16,00:00,23.59,Hirsch,1219,1261,2480,8.8,24.6,0.0,86,6.3
2025.04.17,00:00,23.59,Hirsch,787,787,1574,9.0,17.1,0.0,88,4.2
2025.04.18,00:00,23.59,Hirsch,247,238,485,6.7,11.4,0.0,98,1.8
2025.04.19,00:00,23.59,Hirsch,516,534,1050,3.8,21.1,0.0,36,13.3
2025.04.20,00:00,23.59,Hirsch,438,445,883,7.3,23.9,0.0,71,8.6
2025.04.21,00:00,23.59,Hirsch,421,421,842,9.4,17.9,0.0,99,4.6
2025.04.22,00:00,23.59,Hirsch,1089,1115,2204,5.4,19.9,0.0,84,9.8
2025.04.23,00:00,23.59,Hirsch,1006,1039,2045,5.4,19.9,0.0,84,9.8
2025.04.24,00:00,23.59,Hirsch,765,737,1502,8.1,13.4,8.1,98,0.5
2025.04.25,00:00,23.59,Hirsch,667,673,1340,7.8,14.4,0.0,90,2.5
2025.04.26,00:00,23.59,Hirsch,448,403,851,7.8,14.4,0.0,90,2.5
2025.04.27,00:00,23.59,Hirsch,793,774,1567,6.9,18.0,0.0,95,13.6
2025.04.28,00:00,23.59,Hirsch,1438,1450,2888,6.9,22.0,0.0,79,13.8
2025.04.29,00:00,23.59,Hirsch,1697,1729,3426,7.8,24.1,0.0,13,13.8
2025.04.30,00:00,23.59,Hirsch,1584,1648,3232,8.5,24.4,0.0,13,13.5
2025.04.01,00:00,23.59,Erhardt,1992,1322,3314,3.5,9.9,0.1,93,1.0
2025.04.02,00:00,23.59,Erhardt,2687,1927,4614,4.8,14.4,0.0,38,11.5
2025.04.03,00:00,23.59,Erhardt,3192,2488,5680,5.6,18.7,0.0,16,12.6
2025.04.04,00:00,23.59,Erhardt,3324,2493,5817,3.8,19.5,0.0,0,12.8
2025.04.05,00:00,23.59,Erhardt,2817,2770,5587,4.5,19.6,0.0,46,9.8
2025.04.06,00:00,23.59,Erhardt,1411,1466,2877,0.2,8.6,0.0,9,12.4
2025.04.07,00:00,23.59,Erhardt,2465,1766,4231,-0.4,9.8,0.0,35,12.9
2025.04.08,00:00,23.59,Erhardt,2925,2160,5085,0.5,13.5,0.0,0,12.7
2025.04.09,00:00,23.59,Erhardt,2896,2179,5075,1.3,12.4,0.0,45,10.0
2025.04.10,00:00,23.59,Erhardt,2913,2202,5115,4.4,15.4,0.0,56,9.6
2025.04.11,00:00,23.59,Erhardt,3258,2568,5826,3.7,19.1,0.0,33,12.8
2025.04.12,00:00,23.59,Erhardt,3524,3155,6679,5.1,21.6,0.0,49,12.9
2025.04.13,00:00,23.59,Erhardt,1943,1946,3889,9.0,20.3,0.0,91,1.2
2025.04.14,00:00,23.59,Erhardt,2583,2117,4700,11.0,20.7,0.0,94,6.1
2025.04.15,00:00,23.59,Erhardt,3092,2495,5587,10.4,22.1,0.0,83,8.4
2025.04.16,00:00,23.59,Erhardt,3377,2616,5993,8.8,24.6,0.0,86,6.3
2025.04.17,00:00,23.59,Erhardt,2202,1768,3970,9.0,17.1,0.0,88,4.2
2025.04.18,00:00,23.59,Erhardt,904,860,1764,6.7,11.4,0.0,98,1.8
2025.04.19,00:00,23.59,Erhardt,2233,1912,4145,3.8,21.1,0.0,36,13.3
2025.04.20,00:00,23.59,Erhardt,1503,1489,2992,7.3,23.9,0.0,71,8.6
2025.04.21,00:00,23.59,Erhardt,1253,1275,2528,9.4,17.9,0.0,99,4.6
2025.04.22,00:00,23.59,Erhardt,2546,1980,4526,5.4,19.9,0.0,84,9.8
2025.04.23,00:00,23.59,Erhardt,2574,1860,4434,5.4,19.9,0.0,84,9.8
2025.04.24,00:00,23.59,Erhardt,1941,1369,3310,8.1,13.4,8.1,98,0.5
2025.04.25,00:00,23.59,Erhardt,1748,1416,3164,7.8,14.4,0.0,90,2.5
2025.04.26,00:00,23.59,Erhardt,1543,1514,3057,7.8,14.4,0.0,90,2.5
2025.04.27,00:00,23.59,Erhardt,3170,3178,6348,6.9,18.0,0.0,95,13.6
2025.04.28,00:00,23.59,Erhardt,3734,2759,6493,6.9,22.0,0.0,79,13.8
2025.04.29,00:00,23.59,Erhardt,4359,3412,7771,7.8,24.1,0.0,13,13.8
2025.04.30,00:00,23.59,Erhardt,4377,3349,7726,8.5,24.4,0.0,13,13.5
2025.05.01,00:00,23.59,Arnulf,1687,77,1764,8.1,25.8,0.0,6,14.1
2025.05.02,00:00,23.59,Arnulf,1840,84,1924,9.9,28.5,0.0,21,13.8
2025.05.03,00:00,23.59,Arnulf,1041,72,1113,14.8,23.5,0.8,80,5.1
2025.05.04,00:00,23.59,Arnulf,516,50,566,9.2,15.2,11.0,96,0.2
2025.05.05,00:00,23.59,Arnulf,489,37,526,6.0,9.8,14.4,94,0.0
2025.05.06,00:00,23.59,Arnulf,1013,83,1096,5.4,10.8,0.0,96,0.0
2025.05.07,00:00,23.59,Arnulf,1449,79,1528,5.8,14.7,0.2,99,4.3
2025.05.08,00:00,23.59,Arnulf,1285,91,1376,7.6,13.1,0.0,100,0.7
2025.05.09,00:00,23.59,Arnulf,1392,92,1484,5.3,15.1,0.0,54,10.2
2025.05.10,00:00,23.59,Arnulf,1657,67,1724,2.7,18.3,0.0,14,14.6
2025.05.11,00:00,23.59,Arnulf,1490,114,1604,3.7,20.9,0.0,4,14.7
2025.05.12,00:00,23.59,Arnulf,1894,91,1985,6.9,20.0,0.0,14,14.7
2025.05.13,00:00,23.59,Arnulf,1919,100,2019,5.2,19.1,0.0,13,14.7
2025.05.14,00:00,23.59,Arnulf,2094,110,2204,5.6,22.2,0.0,33,14.6
2025.05.15,00:00,23.59,Arnulf,1859,98,1957,6.6,17.4,0.0,58,8.0
2025.05.16,00:00,23.59,Arnulf,1365,104,1469,4.0,15.7,0.1,66,6.0
2025.05.17,00:00,23.59,Arnulf,1062,61,1123,8.8,18.1,0.8,85,5.3
2025.05.18,00:00,23.59,Arnulf,945,61,1006,8.0,19.3,0.1,63,6.0
2025.05.19,00:00,23.59,Arnulf,1937,99,2036,7.5,21.9,0.0,34,14.5
2025.05.20,00:00,23.59,Arnulf,2124,102,2226,7.3,22.8,0.0,91,11.7
2025.05.21,00:00,23.59,Arnulf,1640,90,1730,13.3,21.4,0.3,98,3.1
2025.05.22,00:00,23.59,Arnulf,1065,71,1136,7.2,14.4,1.4,93,0.1
2025.05.23,00:00,23.59,Arnulf,1194,92,1286,7.6,15.1,1.4,88,6.3
2025.05.24,00:00,23.59,Arnulf,1126,57,1183,4.4,17.3,0.4,73,10.4
2025.05.25,00:00,23.59,Arnulf,374,29,403,10.0,16.0,6.4,90,0.4
2025.05.26,00:00,23.59,Arnulf,1124,60,1184,11.1,18.5,2.6,94,3.0
2025.05.27,00:00,23.59,Arnulf,1537,77,1614,10.2,17.7,0.3,98,2.8
2025.05.28,00:00,23.59,Arnulf,1014,67,1081,10.6,17.2,4.5,95,1.2
2025.05.29,00:00,23.59,Arnulf,829,38,867,10.5,17.8,0.0,98,1.7
2025.05.30,00:00,23.59,Arnulf,1771,88,1859,14.3,25.7,0.0,40,12.9
2025.05.31,00:00,23.59,Arnulf,1764,66,1830,13.8,30.9,0.0,24,14.1
2025.05.01,00:00,23.59,Olympia,1784,1773,3557,8.1,25.8,0.0,6,14.1
2025.05.02,00:00,23.59,Olympia,1727,1870,3597,9.9,28.5,0.0,21,13.8
2025.05.03,00:00,23.59,Olympia,1659,1774,3433,14.8,23.5,0.8,80,5.1
2025.05.04,00:00,23.59,Olympia,924,961,1885,9.2,15.2,11.0,96,0.2
2025.05.05,00:00,23.59,Olympia,593,608,1201,6.0,9.8,14.4,94,0.0
2025.05.06,00:00,23.59,Olympia,1087,1143,2230,5.4,10.8,0.0,96,0.0
2025.05.07,00:00,23.59,Olympia,1438,1474,2912,5.8,14.7,0.2,99,4.3
2025.05.08,00:00,23.59,Olympia,1246,1248,2494,7.6,13.1,0.0,100,0.7
2025.05.09,00:00,23.59,Olympia,1306,1377,2683,5.3,15.1,0.0,54,10.2
2025.05.10,00:00,23.59,Olympia,1429,1468,2897,2.7,18.3,0.0,14,14.6
2025.05.11,00:00,23.59,Olympia,1645,1652,3297,3.7,20.9,0.0,4,14.7
2025.05.12,00:00,23.59,Olympia,2070,2060,4130,6.9,20.0,0.0,14,14.7
2025.05.13,00:00,23.59,Olympia,2180,2340,4520,5.2,19.1,0.0,13,14.7
2025.05.14,00:00,23.59,Olympia,2278,2482,4760,5.6,22.2,0.0,33,14.6
2025.05.15,00:00,23.59,Olympia,1818,1888,3706,6.6,17.4,0.0,58,8.0
2025.05.16,00:00,23.59,Olympia,1450,1527,2977,4.0,15.7,0.1,66,6.0
2025.05.17,00:00,23.59,Olympia,1203,1193,2396,8.8,18.1,0.8,85,5.3
2025.05.18,00:00,23.59,Olympia,1252,1175,2427,8.0,19.3,0.1,63,6.0
2025.05.19,00:00,23.59,Olympia,2175,2197,4372,7.5,21.9,0.0,34,14.5
2025.05.20,00:00,23.59,Olympia,2255,2261,4516,7.3,22.8,0.0,91,11.7
2025.05.21,00:00,23.59,Olympia,1736,1770,3506,13.3,21.4,0.3,98,3.1
2025.05.22,00:00,23.59,Olympia,1144,1119,2263,7.2,14.4,1.4,93,0.1
2025.05.23,00:00,23.59,Olympia,1271,1284,2555,7.6,15.1,1.4,88,6.3
2025.05.24,00:00,23.59,Olympia,1321,1284,2605,4.4,17.3,0.4,73,10.4
2025.05.25,00:00,23.59,Olympia,430,399,829,10.0,16.0,6.4,90,0.4
2025.05.26,00:00,23.59,Olympia,1242,1219,2461,11.1,18.5,2.6,94,3.0
2025.05.27,00:00,23.59,Olympia,1655,1351,3006,10.2,17.7,0.3,98,2.8
2025.05.28,00:00,23.59,Olympia,934,755,1689,10.6,17.2,4.5,95,1.2
2025.05.29,00:00,23.59,Olympia,1269,941,2210,10.5,17.8,0.0,98,1.7
2025.05.30,00:00,23.59,Olympia,2015,1551,3566,14.3,25.7,0.0,40,12.9
2025.05.31,00:00,23.59,Olympia,2113,1589,3702,13.8,30.9,0.0,24,14.1
2025.05.01,00:00,23.59,Hirsch,944,921,1865,8.1,25.8,0.0,6,14.1
2025.05.02,00:00,23.59,Hirsch,1102,1142,2244,9.9,28.5,0.0,21,13.8
2025.05.03,00:00,23.59,Hirsch,542,521,1063,14.8,23.5,0.8,80,5.1
2025.05.04,00:00,23.59,Hirsch,191,171,362,9.2,15.2,11.0,96,0.2
2025.05.05,00:00,23.59,Hirsch,343,357,700,6.0,9.8,14.4,94,0.0
2025.05.06,00:00,23.59,Hirsch,762,811,1573,5.4,10.8,0.0,96,0.0
2025.05.07,00:00,23.59,Hirsch,1093,1121,2214,5.8,14.7,0.2,99,4.3
2025.05.08,00:00,23.59,Hirsch,938,963,1901,7.6,13.1,0.0,100,0.7
2025.05.09,00:00,23.59,Hirsch,975,973,1948,5.3,15.1,0.0,54,10.2
2025.05.10,00:00,23.59,Hirsch,771,882,1653,2.7,18.3,0.0,14,14.6
2025.05.11,00:00,23.59,Hirsch,1058,1020,2078,3.7,20.9,0.0,4,14.7
2025.05.12,00:00,23.59,Hirsch,1502,1517,3019,6.9,20.0,0.0,14,14.7
2025.05.13,00:00,23.59,Hirsch,1699,1688,3387,5.2,19.1,0.0,13,14.7
2025.05.14,00:00,23.59,Hirsch,1655,1725,3380,5.6,22.2,0.0,33,14.6
2025.05.15,00:00,23.59,Hirsch,1439,1500,2939,6.6,17.4,0.0,58,8.0
2025.05.16,00:00,23.59,Hirsch,1013,1036,2049,4.0,15.7,0.1,66,6.0
2025.05.17,00:00,23.59,Hirsch,559,548,1107,8.8,18.1,0.8,85,5.3
2025.05.18,00:00,23.59,Hirsch,808,541,1349,8.0,19.3,0.1,63,6.0
2025.05.19,00:00,23.59,Hirsch,1556,1587,3143,7.5,21.9,0.0,34,14.5
2025.05.20,00:00,23.59,Hirsch,1674,1726,3400,7.3,22.8,0.0,91,11.7
2025.05.21,00:00,23.59,Hirsch,1235,1238,2473,13.3,21.4,0.3,98,3.1
2025.05.22,00:00,23.59,Hirsch,790,803,1593,7.2,14.4,1.4,93,0.1
2025.05.23,00:00,23.59,Hirsch,879,925,1804,7.6,15.1,1.4,88,6.3
2025.05.24,00:00,23.59,Hirsch,590,644,1234,4.4,17.3,0.4,73,10.4
2025.05.25,00:00,23.59,Hirsch,199,160,359,10.0,16.0,6.4,90,0.4
2025.05.26,00:00,23.59,Hirsch,829,879,1708,11.1,18.5,2.6,94,3.0
2025.05.27,00:00,23.59,Hirsch,1270,1298,2568,10.2,17.7,0.3,98,2.8
2025.05.28,00:00,23.59,Hirsch,707,767,1474,10.6,17.2,4.5,95,1.2
2025.05.29,00:00,23.59,Hirsch,453,448,901,10.5,17.8,0.0,98,1.7
2025.05.30,00:00,23.59,Hirsch,1041,1041,2082,14.3,25.7,0.0,40,12.9
2025.05.31,00:00,23.59,Hirsch,836,791,1627,13.8,30.9,0.0,24,14.1
2025.05.01,00:00,23.59,Erhardt,4469,4247,8716,8.1,25.8,0.0,6,14.1
2025.05.02,00:00,23.59,Erhardt,4018,3347,7365,9.9,28.5,0.0,21,13.8
2025.05.03,00:00,23.59,Erhardt,2193,2039,4232,14.8,23.5,0.8,80,5.1
2025.05.04,00:00,23.59,Erhardt,810,846,1656,9.2,15.2,11.0,96,0.2
2025.05.05,00:00,23.59,Erhardt,923,712,1635,6.0,9.8,14.4,94,0.0
2025.05.06,00:00,23.59,Erhardt,2177,1416,3593,5.4,10.8,0.0,96,0.0
2025.05.07,00:00,23.59,Erhardt,2575,1947,4522,5.8,14.7,0.2,99,4.3
2025.05.08,00:00,23.59,Erhardt,2245,1690,3935,7.6,13.1,0.0,100,0.7
2025.05.09,00:00,23.59,Erhardt,2544,2068,4612,5.3,15.1,0.0,54,10.2
2025.05.10,00:00,23.59,Erhardt,3521,3312,6833,2.7,18.3,0.0,14,14.6
2025.05.11,00:00,23.59,Erhardt,3621,3576,7197,3.7,20.9,0.0,4,14.7
2025.05.12,00:00,23.59,Erhardt,3887,2595,6482,6.9,20.0,0.0,14,14.7
2025.05.13,00:00,23.59,Erhardt,4567,3026,7593,5.2,19.1,0.0,13,14.7
2025.05.14,00:00,23.59,Erhardt,4452,3230,7682,5.6,22.2,0.0,33,14.6
2025.05.15,00:00,23.59,Erhardt,3720,2601,6321,6.6,17.4,0.0,58,8.0
2025.05.16,00:00,23.59,Erhardt,2859,2105,4964,4.0,15.7,0.1,66,6.0
2025.05.17,00:00,23.59,Erhardt,2294,2059,4353,8.8,18.1,0.8,85,5.3
2025.05.18,00:00,23.59,Erhardt,2236,1891,4127,8.0,19.3,0.1,63,6.0
2025.05.19,00:00,23.59,Erhardt,3930,2847,6777,7.5,21.9,0.0,34,14.5
2025.05.20,00:00,23.59,Erhardt,4379,2971,7350,7.3,22.8,0.0,91,11.7
2025.05.21,00:00,23.59,Erhardt,3308,2153,5461,13.3,21.4,0.3,98,3.1
2025.05.22,00:00,23.59,Erhardt,2053,1438,3491,7.2,14.4,1.4,93,0.1
2025.05.23,00:00,23.59,Erhardt,2406,1750,4156,7.6,15.1,1.4,88,6.3
2025.05.24,00:00,23.59,Erhardt,2534,2271,4805,4.4,17.3,0.4,73,10.4
2025.05.25,00:00,23.59,Erhardt,643,579,1222,10.0,16.0,6.4,90,0.4
2025.05.26,00:00,23.59,Erhardt,1955,1391,3346,11.1,18.5,2.6,94,3.0
2025.05.27,00:00,23.59,Erhardt,3061,2241,5302,10.2,17.7,0.3,98,2.8
2025.05.28,00:00,23.59,Erhardt,1961,1302,3263,10.6,17.2,4.5,95,1.2
2025.05.29,00:00,23.59,Erhardt,1503,1429,2932,10.5,17.8,0.0,98,1.7
2025.05.30,00:00,23.59,Erhardt,3570,2896,6466,14.3,25.7,0.0,40,12.9
2025.05.31,00:00,23.59,Erhardt,3541,3065,6606,13.8,30.9,0.0,24,14.1
2025.06.01,00:00,23.59,Arnulf,1176,120,1296,15.7,28.6,0.1,91,5.8
2025.06.02,00:00,23.59,Arnulf,1261,67,1328,15.0,22.0,10.5,99,1.4
2025.06.03,00:00,23.59,Arnulf,1393,85,1478,14.9,24.9,0.2,91,6.6
2025.06.04,00:00,23.59,Arnulf,1677,100,1777,14.7,27.9,5.8,85,9.1
2025.06.05,00:00,23.59,Arnulf,1086,83,1169,14.8,19.0,4.0,98,0.3
2025.06.06,00:00,23.59,Arnulf,1552,90,1642,15.3,26.8,7.6,84,6.8
2025.06.07,00:00,23.59,Arnulf,523,42,565,13.3,19.0,6.6,98,0.6
2025.06.08,00:00,23.59,Arnulf,701,60,761,11.6,20.3,0.0,81,4.1
2025.06.09,00:00,23.59,Arnulf,1256,62,1318,10.0,20.9,0.0,23,12.7
2025.06.10,00:00,23.59,Arnulf,1909,118,2027,9.4,25.6,0.0,39,11.8
2025.06.11,00:00,23.59,Arnulf,2069,81,2150,13.7,24.1,0.0,23,12.5
2025.06.12,00:00,23.59,Arnulf,2166,101,2267,11.3,26.2,0.0,9,15.1
2025.06.13,00:00,23.59,Arnulf,1789,89,1878,13.6,29.1,0.0,31,15.2
2025.06.14,00:00,23.59,Arnulf,1415,51,1466,13.7,31.9,0.0,28,13.9
2025.06.15,00:00,23.59,Arnulf,1001,67,1068,17.0,31.4,5.3,71,10.8
2025.06.16,00:00,23.59,Arnulf,1413,80,1493,14.0,21.4,0.1,94,4.9
2025.06.17,00:00,23.59,Arnulf,1897,83,1980,13.5,24.6,0.0,56,14.7
2025.06.18,00:00,23.59,Arnulf,1988,86,2074,11.9,28.2,0.0,78,14.7
2025.06.19,00:00,23.59,Arnulf,1425,83,1508,14.7,28.9,0.0,24,15.2
2025.06.20,00:00,23.59,Arnulf,1688,70,1758,16.3,26.8,0.0,13,14.5
2025.06.21,00:00,23.59,Arnulf,1412,54,1466,12.7,28.6,0.0,3,15.4
2025.06.22,00:00,23.59,Arnulf,1232,59,1291,11.9,32.1,0.0,11,15.5
2025.06.23,00:00,23.59,Arnulf,1612,98,1710,19.8,31.8,0.9,78,7.7
2025.06.24,00:00,23.59,Arnulf,2267,91,2358,17.4,29.7,0.0,21,14.4
2025.06.25,00:00,23.59,Arnulf,2335,102,2437,17.1,33.4,0.0,0,15.2
2025.06.26,00:00,23.59,Arnulf,1518,90,1608,17.1,32.3,22.1,78,5.1
2025.06.27,00:00,23.59,Arnulf,1683,94,1777,17.4,26.0,2.4,81,3.6
2025.06.28,00:00,23.59,Arnulf,1649,66,1715,17.5,29.4,0.0,40,11.6
2025.06.29,00:00,23.59,Arnulf,1462,73,1535,18.1,31.9,0.0,3,15.3
2025.06.30,00:00,23.59,Arnulf,2211,105,2316,18.9,32.1,0.0,51,15.2
2025.06.01,00:00,23.59,Olympia,1747,1210,2957,15.7,28.6,0.1,91,5.8
2025.06.02,00:00,23.59,Olympia,1129,982,2111,15.0,22.0,10.5,99,1.4
2025.06.03,00:00,23.59,Olympia,1539,1423,2962,14.9,24.9,0.2,91,6.6
2025.06.04,00:00,23.59,Olympia,1623,1673,3296,14.7,27.9,5.8,85,9.1
2025.06.05,00:00,23.59,Olympia,1046,1030,2076,14.8,19.0,4.0,98,0.3
2025.06.06,00:00,23.59,Olympia,1543,1559,3102,15.3,26.8,7.6,84,6.8
2025.06.07,00:00,23.59,Olympia,554,515,1069,13.3,19.0,6.6,98,0.6
2025.06.08,00:00,23.59,Olympia,973,925,1898,11.6,20.3,0.0,81,4.1
2025.06.09,00:00,23.59,Olympia,2069,1989,4058,10.0,20.9,0.0,23,12.7
2025.06.10,00:00,23.59,Olympia,1670,1665,3335,9.4,25.6,0.0,39,11.8
2025.06.11,00:00,23.59,Olympia,2153,2135,4288,13.7,24.1,0.0,23,12.5
2025.06.12,00:00,23.59,Olympia,1868,1934,3802,11.3,26.2,0.0,9,15.1
2025.06.13,00:00,23.59,Olympia,1624,1697,3321,13.6,29.1,0.0,31,15.2
2025.06.14,00:00,23.59,Olympia,1256,1284,2540,13.7,31.9,0.0,28,13.9
2025.06.15,00:00,23.59,Olympia,1267,1198,2465,17.0,31.4,5.3,71,10.8
2025.06.16,00:00,23.59,Olympia,1524,1523,3047,14.0,21.4,0.1,94,4.9
2025.06.17,00:00,23.59,Olympia,2048,2100,4148,13.5,24.6,0.0,56,14.7
2025.06.18,00:00,23.59,Olympia,2003,2167,4170,11.9,28.2,0.0,78,14.7
2025.06.19,00:00,23.59,Olympia,2014,1959,3973,14.7,28.9,0.0,24,15.2
2025.06.20,00:00,23.59,Olympia,1880,1812,3692,16.3,26.8,0.0,13,14.5
2025.06.21,00:00,23.59,Olympia,1970,1871,3841,12.7,28.6,0.0,3,15.4
2025.06.22,00:00,23.59,Olympia,1619,1587,3206,11.9,32.1,0.0,11,15.5
2025.06.23,00:00,23.59,Olympia,1757,1709,3466,19.8,31.8,0.9,78,7.7
2025.06.24,00:00,23.59,Olympia,2519,2549,5068,17.4,29.7,0.0,21,14.4
2025.06.25,00:00,23.59,Olympia,2501,2516,5017,17.1,33.4,0.0,0,15.2
2025.06.26,00:00,23.59,Olympia,1528,1429,2957,17.1,32.3,22.1,78,5.1
2025.06.27,00:00,23.59,Olympia,1832,1723,3555,17.4,26.0,2.4,81,3.6
2025.06.28,00:00,23.59,Olympia,2591,2288,4879,17.5,29.4,0.0,40,11.6
2025.06.29,00:00,23.59,Olympia,2192,2091,4283,18.1,31.9,0.0,3,15.3
2025.06.30,00:00,23.59,Olympia,2439,2382,4821,18.9,32.1,0.0,51,15.2
2025.06.01,00:00,23.59,Hirsch,564,555,1119,15.7,28.6,0.1,91,5.8
2025.06.02,00:00,23.59,Hirsch,828,894,1722,15.0,22.0,10.5,99,1.4
2025.06.03,00:00,23.59,Hirsch,1028,1013,2041,14.9,24.9,0.2,91,6.6
2025.06.04,00:00,23.59,Hirsch,1184,1221,2405,14.7,27.9,5.8,85,9.1
2025.06.05,00:00,23.59,Hirsch,701,698,1399,14.8,19.0,4.0,98,0.3
2025.06.06,00:00,23.59,Hirsch,939,996,1935,15.3,26.8,7.6,84,6.8
2025.06.07,00:00,23.59,Hirsch,195,200,395,13.3,19.0,6.6,98,0.6
2025.06.08,00:00,23.59,Hirsch,254,273,527,11.6,20.3,0.0,81,4.1
2025.06.09,00:00,23.59,Hirsch,791,758,1549,10.0,20.9,0.0,23,12.7
2025.06.10,00:00,23.59,Hirsch,1216,1252,2468,9.4,25.6,0.0,39,11.8
2025.06.11,00:00,23.59,Hirsch,1397,1408,2805,13.7,24.1,0.0,23,12.5
2025.06.12,00:00,23.59,Hirsch,1311,1335,2646,11.3,26.2,0.0,9,15.1
2025.06.13,00:00,23.59,Hirsch,1031,1056,2087,13.6,29.1,0.0,31,15.2
2025.06.14,00:00,23.59,Hirsch,632,633,1265,13.7,31.9,0.0,28,13.9
2025.06.15,00:00,23.59,Hirsch,502,452,954,17.0,31.4,5.3,71,10.8
2025.06.16,00:00,23.59,Hirsch,920,914,1834,14.0,21.4,0.1,94,4.9
2025.06.17,00:00,23.59,Hirsch,1399,1444,2843,13.5,24.6,0.0,56,14.7
2025.06.18,00:00,23.59,Hirsch,1207,1247,2454,11.9,28.2,0.0,78,14.7
2025.06.19,00:00,23.59,Hirsch,630,606,1236,14.7,28.9,0.0,24,15.2
2025.06.20,00:00,23.59,Hirsch,839,858,1697,16.3,26.8,0.0,13,14.5
2025.06.21,00:00,23.59,Hirsch,561,564,1125,12.7,28.6,0.0,3,15.4
2025.06.22,00:00,23.59,Hirsch,645,571,1216,11.9,32.1,0.0,11,15.5
2025.06.23,00:00,23.59,Hirsch,1127,1193,2320,19.8,31.8,0.9,78,7.7
2025.06.24,00:00,23.59,Hirsch,1695,1764,3459,17.4,29.7,0.0,21,14.4
2025.06.25,00:00,23.59,Hirsch,1567,1553,3120,17.1,33.4,0.0,0,15.2
2025.06.26,00:00,23.59,Hirsch,1017,1094,2111,17.1,32.3,22.1,78,5.1
2025.06.27,00:00,23.59,Hirsch,998,1006,2004,17.4,26.0,2.4,81,3.6
2025.06.28,00:00,23.59,Hirsch,788,822,1610,17.5,29.4,0.0,40,11.6
2025.06.29,00:00,23.59,Hirsch,690,584,1274,18.1,31.9,0.0,3,15.3
2025.06.30,00:00,23.59,Hirsch,1564,1621,3185,18.9,32.1,0.0,51,15.2
2025.06.01,00:00,23.59,Erhardt,2126,2257,4383,15.7,28.6,0.1,91,5.8
2025.06.02,00:00,23.59,Erhardt,2028,1416,3444,15.0,22.0,10.5,99,1.4
2025.06.03,00:00,23.59,Erhardt,2795,2004,4799,14.9,24.9,0.2,91,6.6
2025.06.04,00:00,23.59,Erhardt,3023,2334,5357,14.7,27.9,5.8,85,9.1
2025.06.05,00:00,23.59,Erhardt,1877,1409,3286,14.8,19.0,4.0,98,0.3
2025.06.06,00:00,23.59,Erhardt,2835,2289,5124,15.3,26.8,7.6,84,6.8
2025.06.07,00:00,23.59,Erhardt,574,663,1237,13.3,19.0,6.6,98,0.6
2025.06.08,00:00,23.59,Erhardt,1005,1054,2059,11.6,20.3,0.0,81,4.1
2025.06.09,00:00,23.59,Erhardt,2785,2922,5707,10.0,20.9,0.0,23,12.7
2025.06.10,00:00,23.59,Erhardt,3248,2604,5852,9.4,25.6,0.0,39,11.8
2025.06.11,00:00,23.59,Erhardt,3641,2885,6526,13.7,24.1,0.0,23,12.5
2025.06.12,00:00,23.59,Erhardt,4018,3222,7240,11.3,26.2,0.0,9,15.1
2025.06.13,00:00,23.59,Erhardt,3484,3029,6513,13.6,29.1,0.0,31,15.2
2025.06.14,00:00,23.59,Erhardt,3273,3177,6450,13.7,31.9,0.0,28,13.9
2025.06.15,00:00,23.59,Erhardt,2325,2229,4554,17.0,31.4,5.3,71,10.8
2025.06.16,00:00,23.59,Erhardt,2348,1768,4116,14.0,21.4,0.1,94,4.9
2025.06.17,00:00,23.59,Erhardt,3746,2983,6729,13.5,24.6,0.0,56,14.7
2025.06.18,00:00,23.59,Erhardt,3793,2819,6612,11.9,28.2,0.0,78,14.7
2025.06.19,00:00,23.59,Erhardt,3373,3336,6709,14.7,28.9,0.0,24,15.2
2025.06.20,00:00,23.59,Erhardt,2944,2713,5657,16.3,26.8,0.0,13,14.5
2025.06.21,00:00,23.59,Erhardt,2929,2839,5768,12.7,28.6,0.0,3,15.4
2025.06.22,00:00,23.59,Erhardt,3080,2946,6026,11.9,32.1,0.0,11,15.5
2025.06.23,00:00,23.59,Erhardt,2888,2100,4988,19.8,31.8,0.9,78,7.7
2025.06.24,00:00,23.59,Erhardt,4684,3271,7955,17.4,29.7,0.0,21,14.4
2025.06.25,00:00,23.59,Erhardt,4720,3808,8528,17.1,33.4,0.0,0,15.2
2025.06.26,00:00,23.59,Erhardt,2677,2056,4733,17.1,32.3,22.1,78,5.1
2025.06.27,00:00,23.59,Erhardt,2942,2242,5184,17.4,26.0,2.4,81,3.6
2025.06.28,00:00,23.59,Erhardt,3723,3296,7019,17.5,29.4,0.0,40,11.6
2025.06.29,00:00,23.59,Erhardt,3602,3599,7201,18.1,31.9,0.0,3,15.3
2025.06.30,00:00,23.59,Erhardt,4394,3348,7742,18.9,32.1,0.0,51,15.2
2025.07.01,00:00,23.59,Arnulf,2369,101,2470,19.5,33.4,0.0,8,15.2
2025.07.02,00:00,23.59,Arnulf,2185,97,2282,17.5,34.3,2.1,39,12.3
2025.07.03,00:00,23.59,Arnulf,1899,104,2003,18.4,28.6,9.8,69,6.1
2025.07.04,00:00,23.59,Arnulf,1574,82,1656,17.2,26.5,0.0,53,7.5
2025.07.05,00:00,23.59,Arnulf,1587,68,1655,14.8,29.3,0.0,24,12.3
2025.07.06,00:00,23.59,Arnulf,1213,72,1285,15.2,26.0,3.4,96,2.9
2025.07.07,00:00,23.59,Arnulf,1553,86,1639,13.4,23.0,13.3,93,4.0
2025.07.08,00:00,23.59,Arnulf,962,77,1039,11.2,15.9,7.7,98,1.1
2025.07.09,00:00,23.59,Arnulf,1737,88,1825,11.3,19.3,0.1,86,4.3
2025.07.10,00:00,23.59,Arnulf,2119,110,2229,13.3,24.1,0.2,81,7.6
2025.07.11,00:00,23.59,Arnulf,1635,89,1724,15.6,23.4,4.8,85,5.6
2025.07.12,00:00,23.59,Arnulf,1602,74,1676,14.4,26.0,0.0,64,12.1
2025.07.13,00:00,23.59,Arnulf,1467,73,1540,14.2,29.2,2.7,35,13.0
2025.07.14,00:00,23.59,Arnulf,1506,96,1602,16.1,23.4,4.0,64,5.2
2025.07.15,00:00,23.59,Arnulf,1769,107,1876,16.2,25.6,5.9,78,5.5
2025.07.16,00:00,23.59,Arnulf,1637,99,1736,13.3,23.4,11.4,99,1.8
2025.07.17,00:00,23.59,Arnulf,1936,83,2019,13.3,22.2,0.0,74,6.3
2025.07.18,00:00,23.59,Arnulf,2010,111,2121,15.4,26.1,0.0,59,13.4
2025.07.19,00:00,23.59,Arnulf,1497,64,1561,13.3,29.5,0.1,54,11.7
2025.07.20,00:00,23.59,Arnulf,1524,66,1590,16.0,32.0,6.1,60,14.1
2025.07.21,00:00,23.59,Arnulf,1206,68,1274,15.9,22.0,2.2,80,4.2
2025.07.22,00:00,23.59,Arnulf,2159,116,2275,15.1,24.6,0.0,30,11.8
2025.07.23,00:00,23.59,Arnulf,2385,125,2510,14.5,25.4,6.2,75,8.6
2025.07.24,00:00,23.59,Arnulf,1139,78,1217,14.9,18.8,7.0,94,0.8
2025.07.25,00:00,23.59,Arnulf,1277,83,1360,15.3,22.5,12.1,96,1.8
2025.07.26,00:00,23.59,Arnulf,454,30,484,15.2,18.5,16.6,98,0.0
2025.07.27,00:00,23.59,Arnulf,682,36,718,14.4,20.8,2.0,98,3.8
2025.07.28,00:00,23.59,Arnulf,1146,91,1237,14.1,17.0,3.2,99,0.2
2025.07.29,00:00,23.59,Arnulf,1498,87,1585,13.1,19.4,1.4,85,2.3
2025.07.30,00:00,23.59,Arnulf,1436,93,1529,12.3,19.8,4.7,100,0.8
2025.07.31,00:00,23.59,Arnulf,1712,99,1811,11.0,22.1,2.5,74,5.8
2025.07.01,00:00,23.59,Olympia,2531,2562,5093,19.5,33.4,0.0,8,15.2
2025.07.02,00:00,23.59,Olympia,2272,2218,4490,17.5,34.3,2.1,39,12.3
2025.07.03,00:00,23.59,Olympia,1883,1909,3792,18.4,28.6,9.8,69,6.1
2025.07.04,00:00,23.59,Olympia,1957,1935,3892,17.2,26.5,0.0,53,7.5
2025.07.05,00:00,23.59,Olympia,2003,1904,3907,14.8,29.3,0.0,24,12.3
2025.07.06,00:00,23.59,Olympia,1883,1805,3688,15.2,26.0,3.4,96,2.9
2025.07.07,00:00,23.59,Olympia,1519,1490,3009,13.4,23.0,13.3,93,4.0
2025.07.08,00:00,23.59,Olympia,1100,1082,2182,11.2,15.9,7.7,98,1.1
2025.07.09,00:00,23.59,Olympia,2027,2019,4046,11.3,19.3,0.1,86,4.3
2025.07.10,00:00,23.59,Olympia,2377,2292,4669,13.3,24.1,0.2,81,7.6
2025.07.11,00:00,23.59,Olympia,1700,1762,3462,15.6,23.4,4.8,85,5.6
2025.07.12,00:00,23.59,Olympia,2289,2159,4448,14.4,26.0,0.0,64,12.1
2025.07.13,00:00,23.59,Olympia,2435,2305,4740,14.2,29.2,2.7,35,13.0
2025.07.14,00:00,23.59,Olympia,1542,1535,3077,16.1,23.4,4.0,64,5.2
2025.07.15,00:00,23.59,Olympia,1778,1778,3556,16.2,25.6,5.9,78,5.5
2025.07.16,00:00,23.59,Olympia,3024,2777,5801,13.3,23.4,11.4,99,1.8
2025.07.17,00:00,23.59,Olympia,2021,1958,3979,13.3,22.2,0.0,74,6.3
2025.07.18,00:00,23.59,Olympia,2238,2149,4387,15.4,26.1,0.0,59,13.4
2025.07.19,00:00,23.59,Olympia,379,381,760,13.3,29.5,0.1,54,11.7
2025.07.20,00:00,23.59,Olympia,1970,1791,3761,16.0,32.0,6.1,60,14.1
2025.07.21,00:00,23.59,Olympia,1244,1313,2557,15.9,22.0,2.2,80,4.2
2025.07.22,00:00,23.59,Olympia,2104,2202,4306,15.1,24.6,0.0,30,11.8
2025.07.23,00:00,23.59,Olympia,2169,2242,4411,14.5,25.4,6.2,75,8.6
2025.07.24,00:00,23.59,Olympia,956,945,1901,14.9,18.8,7.0,94,0.8
2025.07.25,00:00,23.59,Olympia,1116,1150,2266,15.3,22.5,12.1,96,1.8
2025.07.26,00:00,23.59,Olympia,1035,537,1572,15.2,18.5,16.6,98,0.0
2025.07.27,00:00,23.59,Olympia,827,856,1683,14.4,20.8,2.0,98,3.8
2025.07.28,00:00,23.59,Olympia,784,664,1448,14.1,17.0,3.2,99,0.2
2025.07.29,00:00,23.59,Olympia,1133,871,2004,13.1,19.4,1.4,85,2.3
2025.07.30,00:00,23.59,Olympia,1210,1243,2453,12.3,19.8,4.7,100,0.8
2025.07.31,00:00,23.59,Olympia,1305,1320,2625,11.0,22.1,2.5,74,5.8
2025.07.01,00:00,23.59,Hirsch,1625,1637,3262,19.5,33.4,0.0,8,15.2
2025.07.02,00:00,23.59,Hirsch,1428,1472,2900,17.5,34.3,2.1,39,12.3
2025.07.03,00:00,23.59,Hirsch,1270,1326,2596,18.4,28.6,9.8,69,6.1
2025.07.04,00:00,23.59,Hirsch,960,1023,1983,17.2,26.5,0.0,53,7.5
2025.07.05,00:00,23.59,Hirsch,793,708,1501,14.8,29.3,0.0,24,12.3
2025.07.06,00:00,23.59,Hirsch,724,653,1377,15.2,26.0,3.4,96,2.9
2025.07.07,00:00,23.59,Hirsch,1065,1071,2136,13.4,23.0,13.3,93,4.0
2025.07.08,00:00,23.59,Hirsch,727,769,1496,11.2,15.9,7.7,98,1.1
2025.07.09,00:00,23.59,Hirsch,1310,1355,2665,11.3,19.3,0.1,86,4.3
2025.07.10,00:00,23.59,Hirsch,1481,1509,2990,13.3,24.1,0.2,81,7.6
2025.07.11,00:00,23.59,Hirsch,990,1045,2035,15.6,23.4,4.8,85,5.6
2025.07.12,00:00,23.59,Hirsch,840,752,1592,14.4,26.0,0.0,64,12.1
2025.07.13,00:00,23.59,Hirsch,912,797,1709,14.2,29.2,2.7,35,13.0
2025.07.14,00:00,23.59,Hirsch,1094,1161,2255,16.1,23.4,4.0,64,5.2
2025.07.15,00:00,23.59,Hirsch,1303,1396,2699,16.2,25.6,5.9,78,5.5
2025.07.16,00:00,23.59,Hirsch,1123,1177,2300,13.3,23.4,11.4,99,1.8
2025.07.17,00:00,23.59,Hirsch,1379,1352,2731,13.3,22.2,0.0,74,6.3
2025.07.18,00:00,23.59,Hirsch,1263,1293,2556,15.4,26.1,0.0,59,13.4
2025.07.19,00:00,23.59,Hirsch,825,767,1592,13.3,29.5,0.1,54,11.7
2025.07.20,00:00,23.59,Hirsch,798,691,1489,16.0,32.0,6.1,60,14.1
2025.07.21,00:00,23.59,Hirsch,840,825,1665,15.9,22.0,2.2,80,4.2
2025.07.22,00:00,23.59,Hirsch,1601,1693,3294,15.1,24.6,0.0,30,11.8
2025.07.23,00:00,23.59,Hirsch,1772,1731,3503,14.5,25.4,6.2,75,8.6
2025.07.24,00:00,23.59,Hirsch,645,675,1320,14.9,18.8,7.0,94,0.8
2025.07.25,00:00,23.59,Hirsch,872,876,1748,15.3,22.5,12.1,96,1.8
2025.07.26,00:00,23.59,Hirsch,188,192,380,15.2,18.5,16.6,98,0.0
2025.07.27,00:00,23.59,Hirsch,368,352,720,14.4,20.8,2.0,98,3.8
2025.07.28,00:00,23.59,Hirsch,768,774,1542,14.1,17.0,3.2,99,0.2
2025.07.29,00:00,23.59,Hirsch,1071,1111,2182,13.1,19.4,1.4,85,2.3
2025.07.30,00:00,23.59,Hirsch,1059,1106,2165,12.3,19.8,4.7,100,0.8
2025.07.31,00:00,23.59,Hirsch,1117,1216,2333,11.0,22.1,2.5,74,5.8
2025.07.01,00:00,23.59,Erhardt,4919,3871,8790,19.5,33.4,0.0,8,15.2
2025.07.02,00:00,23.59,Erhardt,4331,3398,7729,17.5,34.3,2.1,39,12.3
2025.07.03,00:00,23.59,Erhardt,3423,2692,6115,18.4,28.6,9.8,69,6.1
2025.07.04,00:00,23.59,Erhardt,3065,2603,5668,17.2,26.5,0.0,53,7.5
2025.07.05,00:00,23.59,Erhardt,3738,3522,7260,14.8,29.3,0.0,24,12.3
2025.07.06,00:00,23.59,Erhardt,2570,2622,5192,15.2,26.0,3.4,96,2.9
2025.07.07,00:00,23.59,Erhardt,2627,1974,4601,13.4,23.0,13.3,93,4.0
2025.07.08,00:00,23.59,Erhardt,1537,1428,2965,11.2,15.9,7.7,98,1.1
2025.07.09,00:00,23.59,Erhardt,3311,2216,5527,11.3,19.3,0.1,86,4.3
2025.07.10,00:00,23.59,Erhardt,3770,2823,6593,13.3,24.1,0.2,81,7.6
2025.07.11,00:00,23.59,Erhardt,2786,2223,5009,15.6,23.4,4.8,85,5.6
2025.07.12,00:00,23.59,Erhardt,3300,3083,6383,14.4,26.0,0.0,64,12.1
2025.07.13,00:00,23.59,Erhardt,3747,3372,7119,14.2,29.2,2.7,35,13.0
2025.07.14,00:00,23.59,Erhardt,2749,1875,4624,16.1,23.4,4.0,64,5.2
2025.07.15,00:00,23.59,Erhardt,3108,2429,5537,16.2,25.6,5.9,78,5.5
2025.07.16,00:00,23.59,Erhardt,3036,1940,4976,13.3,23.4,11.4,99,1.8
2025.07.17,00:00,23.59,Erhardt,3580,2490,6070,13.3,22.2,0.0,74,6.3
2025.07.18,00:00,23.59,Erhardt,4088,3050,7138,15.4,26.1,0.0,59,13.4
2025.07.19,00:00,23.59,Erhardt,3587,3098,6685,13.3,29.5,0.1,54,11.7
2025.07.20,00:00,23.59,Erhardt,4168,3802,7970,16.0,32.0,6.1,60,14.1
2025.07.21,00:00,23.59,Erhardt,2041,1459,3500,15.9,22.0,2.2,80,4.2
2025.07.22,00:00,23.59,Erhardt,4383,2956,7339,15.1,24.6,0.0,30,11.8
2025.07.23,00:00,23.59,Erhardt,4595,3219,7814,14.5,25.4,6.2,75,8.6
2025.07.24,00:00,23.59,Erhardt,1719,1380,3099,14.9,18.8,7.0,94,0.8
2025.07.25,00:00,23.59,Erhardt,2281,1822,4103,15.3,22.5,12.1,96,1.8
2025.07.26,00:00,23.59,Erhardt,561,615,1176,15.2,18.5,16.6,98,0.0
2025.07.27,00:00,23.59,Erhardt,1041,1491,2532,14.4,20.8,2.0,98,3.8
2025.07.28,00:00,23.59,Erhardt,1847,1336,3183,14.1,17.0,3.2,99,0.2
2025.07.29,00:00,23.59,Erhardt,2463,2025,4488,13.1,19.4,1.4,85,2.3
2025.07.30,00:00,23.59,Erhardt,2729,1869,4598,12.3,19.8,4.7,100,0.8
2025.07.31,00:00,23.59,Erhardt,3013,2175,5188,11.0,22.1,2.5,74,5.8
2025.08.01,00:00,23.59,Arnulf,1081,67,1148,13.9,20.1,9.0,83,3.7
2025.08.02,00:00,23.59,Arnulf,475,26,501,12.9,17.3,23.6,96,0.1
2025.08.03,00:00,23.59,Arnulf,580,45,625,12.2,18.5,10.3,95,2.6
2025.08.04,00:00,23.59,Arnulf,1174,85,1259,12.7,19.0,1.1,94,1.3
2025.08.05,00:00,23.59,Arnulf,1721,117,1838,13.7,26.9,9.7,68,7.5
2025.08.06,00:00,23.59,Arnulf,2012,101,2113,12.3,22.5,0.0,60,13.5
2025.08.07,00:00,23.59,Arnulf,2148,118,2266,10.6,28.0,0.0,25,13.8
2025.08.08,00:00,23.59,Arnulf,1912,111,2023,14.6,31.8,0.0,6,14.1
2025.08.09,00:00,23.59,Arnulf,1501,55,1556,16.0,33.0,0.0,3,13.9
2025.08.10,00:00,23.59,Arnulf,1393,64,1457,19.2,28.9,0.0,11,13.8
2025.08.11,00:00,23.59,Arnulf,1995,112,2107,15.6,27.8,0.0,0,13.7
2025.08.12,00:00,23.59,Arnulf,2096,120,2216,14.7,30.9,0.0,0,13.6
2025.08.13,00:00,23.59,Arnulf,1973,99,2072,19.2,34.2,0.0,0,13.4
2025.08.14,00:00,23.59,Arnulf,1839,109,1948,17.3,32.3,0.0,48,12.8
2025.08.15,00:00,23.59,Arnulf,1244,61,1305,18.3,33.3,6.2,39,12.0
2025.08.16,00:00,23.59,Arnulf,868,56,924,17.9,23.6,1.6,95,2.4
2025.08.17,00:00,23.59,Arnulf,1142,57,1199,15.5,23.9,0.0,69,6.1
2025.08.18,00:00,23.59,Arnulf,1748,108,1856,12.1,25.5,0.0,5,13.6
2025.08.19,00:00,23.59,Arnulf,1840,100,1940,12.4,27.2,0.0,0,13.7
2025.08.20,00:00,23.59,Arnulf,1315,70,1385,15.5,25.9,31.0,75,5.3
2025.08.21,00:00,23.59,Arnulf,798,64,862,15.9,18.3,5.0,98,0.0
2025.08.22,00:00,23.59,Arnulf,1301,90,1391,13.3,21.2,0.0,73,6.4
2025.08.23,00:00,23.59,Arnulf,1044,55,1099,12.2,18.0,0.0,96,2.6
2025.08.24,00:00,23.59,Arnulf,1094,46,1140,11.8,21.5,0.0,66,8.7
2025.08.25,00:00,23.59,Arnulf,1619,92,1711,10.0,23.8,0.0,48,12.9
2025.08.26,00:00,23.59,Arnulf,1901,109,2010,10.9,27.6,1.4,48,12.8
2025.08.27,00:00,23.59,Arnulf,1637,96,1733,17.2,28.8,0.0,88,6.9
2025.08.28,00:00,23.59,Arnulf,963,88,1051,14.9,21.4,20.3,90,1.8
2025.08.29,00:00,23.59,Arnulf,935,50,985,14.0,21.6,2.8,93,4.7
2025.08.30,00:00,23.59,Arnulf,899,49,948,13.8,20.5,0.3,79,4.2
2025.08.31,00:00,23.59,Arnulf,1187,69,1256,12.5,24.2,0.0,24,12.2
2025.08.01,00:00,23.59,Olympia,883,877,1760,13.9,20.1,9.0,83,3.7
2025.08.02,00:00,23.59,Olympia,319,314,633,12.9,17.3,23.6,96,0.1
2025.08.03,00:00,23.59,Olympia,775,753,1528,12.2,18.5,10.3,95,2.6
2025.08.04,00:00,23.59,Olympia,1078,1060,2138,12.7,19.0,1.1,94,1.3
2025.08.05,00:00,23.59,Olympia,1490,1433,2923,13.7,26.9,9.7,68,7.5
2025.08.06,00:00,23.59,Olympia,2097,2018,4115,12.3,22.5,0.0,60,13.5
2025.08.07,00:00,23.59,Olympia,2074,2021,4095,10.6,28.0,0.0,25,13.8
2025.08.08,00:00,23.59,Olympia,1821,1780,3601,14.6,31.8,0.0,6,14.1
2025.08.09,00:00,23.59,Olympia,1626,1600,3226,16.0,33.0,0.0,3,13.9
2025.08.10,00:00,23.59,Olympia,1703,1593,3296,19.2,28.9,0.0,11,13.8
2025.08.11,00:00,23.59,Olympia,1927,1874,3801,15.6,27.8,0.0,0,13.7
2025.08.12,00:00,23.59,Olympia,2222,2069,4291,14.7,30.9,0.0,0,13.6
2025.08.13,00:00,23.59,Olympia,2947,2099,5046,19.2,34.2,0.0,0,13.4
2025.08.14,00:00,23.59,Olympia,1587,1691,3278,17.3,32.3,0.0,48,12.8
2025.08.15,00:00,23.59,Olympia,1597,1388,2985,18.3,33.3,6.2,39,12.0
2025.08.16,00:00,23.59,Olympia,992,845,1837,17.9,23.6,1.6,95,2.4
2025.08.17,00:00,23.59,Olympia,1647,1585,3232,15.5,23.9,0.0,69,6.1
2025.08.18,00:00,23.59,Olympia,1587,1575,3162,12.1,25.5,0.0,5,13.6
2025.08.19,00:00,23.59,Olympia,2007,2001,4008,12.4,27.2,0.0,0,13.7
2025.08.20,00:00,23.59,Olympia,1040,1037,2077,15.5,25.9,31.0,75,5.3
2025.08.21,00:00,23.59,Olympia,540,530,1070,15.9,18.3,5.0,98,0.0
2025.08.22,00:00,23.59,Olympia,1270,1295,2565,13.3,21.2,0.0,73,6.4
2025.08.23,00:00,23.59,Olympia,1229,1139,2368,12.2,18.0,0.0,96,2.6
2025.08.24,00:00,23.59,Olympia,1757,1669,3426,11.8,21.5,0.0,66,8.7
2025.08.25,00:00,23.59,Olympia,1297,1010,2307,10.0,23.8,0.0,48,12.9
2025.08.26,00:00,23.59,Olympia,1367,859,2226,10.9,27.6,1.4,48,12.8
2025.08.27,00:00,23.59,Olympia,1105,712,1817,17.2,28.8,0.0,88,6.9
2025.08.28,00:00,23.59,Olympia,475,311,786,14.9,21.4,20.3,90,1.8
2025.08.29,00:00,23.59,Olympia,536,343,879,14.0,21.6,2.8,93,4.7
2025.08.30,00:00,23.59,Olympia,931,519,1450,13.8,20.5,0.3,79,4.2
2025.08.31,00:00,23.59,Olympia,1551,943,2494,12.5,24.2,0.0,24,12.2
2025.08.01,00:00,23.59,Hirsch,659,668,1327,13.9,20.1,9.0,83,3.7
2025.08.02,00:00,23.59,Hirsch,182,175,357,12.9,17.3,23.6,96,0.1
2025.08.03,00:00,23.59,Hirsch,249,252,501,12.2,18.5,10.3,95,2.6
2025.08.04,00:00,23.59,Hirsch,764,737,1501,12.7,19.0,1.1,94,1.3
2025.08.05,00:00,23.59,Hirsch,1149,1245,2394,13.7,26.9,9.7,68,7.5
2025.08.06,00:00,23.59,Hirsch,1375,1465,2840,12.3,22.5,0.0,60,13.5
2025.08.07,00:00,23.59,Hirsch,1437,1542,2979,10.6,28.0,0.0,25,13.8
2025.08.08,00:00,23.59,Hirsch,1073,1137,2210,14.6,31.8,0.0,6,14.1
2025.08.09,00:00,23.59,Hirsch,684,599,1283,16.0,33.0,0.0,3,13.9
2025.08.10,00:00,23.59,Hirsch,594,553,1147,19.2,28.9,0.0,11,13.8
2025.08.11,00:00,23.59,Hirsch,1325,1314,2639,15.6,27.8,0.0,0,13.7
2025.08.12,00:00,23.59,Hirsch,1424,1423,2847,14.7,30.9,0.0,0,13.6
2025.08.13,00:00,23.59,Hirsch,1179,1186,2365,19.2,34.2,0.0,0,13.4
2025.08.14,00:00,23.59,Hirsch,1035,1049,2084,17.3,32.3,0.0,48,12.8
2025.08.15,00:00,23.59,Hirsch,450,448,898,18.3,33.3,6.2,39,12.0
2025.08.16,00:00,23.59,Hirsch,258,244,502,17.9,23.6,1.6,95,2.4
2025.08.17,00:00,23.59,Hirsch,550,510,1060,15.5,23.9,0.0,69,6.1
2025.08.18,00:00,23.59,Hirsch,1101,1105,2206,12.1,25.5,0.0,5,13.6
2025.08.19,00:00,23.59,Hirsch,1248,1280,2528,12.4,27.2,0.0,0,13.7
2025.08.20,00:00,23.59,Hirsch,835,882,1717,15.5,25.9,31.0,75,5.3
2025.08.21,00:00,23.59,Hirsch,398,372,770,15.9,18.3,5.0,98,0.0
2025.08.22,00:00,23.59,Hirsch,799,770,1569,13.3,21.2,0.0,73,6.4
2025.08.23,00:00,23.59,Hirsch,437,432,869,12.2,18.0,0.0,96,2.6
2025.08.24,00:00,23.59,Hirsch,542,528,1070,11.8,21.5,0.0,66,8.7
2025.08.25,00:00,23.59,Hirsch,1090,1119,2209,10.0,23.8,0.0,48,12.9
2025.08.26,00:00,23.59,Hirsch,1269,1287,2556,10.9,27.6,1.4,48,12.8
2025.08.27,00:00,23.59,Hirsch,942,1003,1945,17.2,28.8,0.0,88,6.9
2025.08.28,00:00,23.59,Hirsch,595,587,1182,14.9,21.4,20.3,90,1.8
2025.08.29,00:00,23.59,Hirsch,492,490,982,14.0,21.6,2.8,93,4.7
2025.08.30,00:00,23.59,Hirsch,400,385,785,13.8,20.5,0.3,79,4.2
2025.08.31,00:00,23.59,Hirsch,665,662,1327,12.5,24.2,0.0,24,12.2
2025.08.01,00:00,23.59,Erhardt,1693,1405,3098,13.9,20.1,9.0,83,3.7
2025.08.02,00:00,23.59,Erhardt,516,558,1074,12.9,17.3,23.6,96,0.1
2025.08.03,00:00,23.59,Erhardt,769,828,1597,12.2,18.5,10.3,95,2.6
2025.08.04,00:00,23.59,Erhardt,1910,1278,3188,12.7,19.0,1.1,94,1.3
2025.08.05,00:00,23.59,Erhardt,2965,2308,5273,13.7,26.9,9.7,68,7.5
2025.08.06,00:00,23.59,Erhardt,3754,2764,6518,12.3,22.5,0.0,60,13.5
2025.08.07,00:00,23.59,Erhardt,4020,3035,7055,10.6,28.0,0.0,25,13.8
2025.08.08,00:00,23.59,Erhardt,3746,2950,6696,14.6,31.8,0.0,6,14.1
2025.08.09,00:00,23.59,Erhardt,3554,3089,6643,16.0,33.0,0.0,3,13.9
2025.08.10,00:00,23.59,Erhardt,3211,3032,6243,19.2,28.9,0.0,11,13.8
2025.08.11,00:00,23.59,Erhardt,3435,2747,6182,15.6,27.8,0.0,0,13.7
2025.08.12,00:00,23.59,Erhardt,4250,3210,7460,14.7,30.9,0.0,0,13.6
2025.08.13,00:00,23.59,Erhardt,4215,3303,7518,19.2,34.2,0.0,0,13.4
2025.08.14,00:00,23.59,Erhardt,3500,2851,6351,17.3,32.3,0.0,48,12.8
2025.08.15,00:00,23.59,Erhardt,2950,2905,5855,18.3,33.3,6.2,39,12.0
2025.08.16,00:00,23.59,Erhardt,1213,1228,2441,17.9,23.6,1.6,95,2.4
2025.08.17,00:00,23.59,Erhardt,2283,2114,4397,15.5,23.9,0.0,69,6.1
2025.08.18,00:00,23.59,Erhardt,3144,2305,5449,12.1,25.5,0.0,5,13.6
2025.08.19,00:00,23.59,Erhardt,4193,3006,7199,12.4,27.2,0.0,0,13.7
2025.08.20,00:00,23.59,Erhardt,2279,1717,3996,15.5,25.9,31.0,75,5.3
2025.08.21,00:00,23.59,Erhardt,1186,899,2085,15.9,18.3,5.0,98,0.0
2025.08.22,00:00,23.59,Erhardt,2352,2024,4376,13.3,21.2,0.0,73,6.4
2025.08.23,00:00,23.59,Erhardt,1783,1665,3448,12.2,18.0,0.0,96,2.6
2025.08.24,00:00,23.59,Erhardt,2364,2143,4507,11.8,21.5,0.0,66,8.7
2025.08.25,00:00,23.59,Erhardt,3127,2066,5193,10.0,23.8,0.0,48,12.9
2025.08.26,00:00,23.59,Erhardt,4034,2685,6719,10.9,27.6,1.4,48,12.8
2025.08.27,00:00,23.59,Erhardt,3288,2255,5543,17.2,28.8,0.0,88,6.9
2025.08.28,00:00,23.59,Erhardt,1746,1301,3047,14.9,21.4,20.3,90,1.8
2025.08.29,00:00,23.59,Erhardt,1479,1155,2634,14.0,21.6,2.8,93,4.7
2025.08.30,00:00,23.59,Erhardt,1386,1197,2583,13.8,20.5,0.3,79,4.2
2025.08.31,00:00,23.59,Erhardt,3111,2670,5781,12.5,24.2,0.0,24,12.2
2025.09.01,00:00,23.59,Arnulf,1332,98,1430,11.7,23.0,8.3,76,6.4
2025.09.02,00:00,23.59,Arnulf,1099,65,1164,12.9,19.1,0.5,76,2.4
2025.09.03,00:00,23.59,Arnulf,1757,97,1854,11.8,25.1,0.0,49,9.7
2025.09.04,00:00,23.59,Arnulf,1625,106,1731,14.8,26.9,22.4,60,11.5
2025.09.05,00:00,23.59,Arnulf,751,60,811,10.8,16.0,7.7,78,1.6
2025.09.06,00:00,23.59,Arnulf,1313,56,1369,8.0,21.3,0.0,23,12.6
2025.09.07,00:00,23.59,Arnulf,1158,56,1214,9.3,22.9,0.0,94,11.3
2025.09.08,00:00,23.59,Arnulf,1546,92,1638,10.3,23.2,0.0,85,5.6
2025.09.09,00:00,23.59,Arnulf,1415,82,1497,12.1,17.8,1.7,86,2.3
2025.09.10,00:00,23.59,Arnulf,1092,75,1167,11.8,14.2,6.4,86,1.9
2025.09.11,00:00,23.59,Arnulf,1548,92,1640,11.3,21.1,0.7,88,3.2
2025.09.12,00:00,23.59,Arnulf,1283,70,1353,13.4,17.3,0.0,98,1.2
2025.09.13,00:00,23.59,Arnulf,1333,40,1373,11.7,21.5,6.2,93,7.2
2025.09.14,00:00,23.59,Arnulf,702,39,741,11.7,17.1,4.3,94,2.1
2025.09.15,00:00,23.59,Arnulf,1722,93,1815,14.9,25.7,3.5,65,10.9
2025.09.16,00:00,23.59,Arnulf,1558,87,1645,11.6,18.8,0.0,88,6.3
2025.09.17,00:00,23.59,Arnulf,1770,98,1868,10.2,18.7,0.0,69,6.4
2025.09.18,00:00,23.59,Arnulf,2041,115,2156,12.1,25.6,0.0,18,12.1
2025.09.19,00:00,23.59,Arnulf,2028,105,2133,10.5,28.7,0.0,0,12.1
2025.09.20,00:00,23.59,Arnulf,1789,93,1882,12.9,30.7,0.0,24,11.5
2025.09.21,00:00,23.59,Arnulf,1703,91,1794,15.0,28.1,0.5,45,10.5
2025.09.22,00:00,23.59,Arnulf,1370,97,1467,9.3,15.6,0.9,99,0.0
2025.09.23,00:00,23.59,Arnulf,1437,105,1542,9.2,13.1,3.4,100,0.0
2025.09.24,00:00,23.59,Arnulf,965,72,1037,8.6,10.7,7.5,96,0.0
2025.09.25,00:00,23.59,Arnulf,1453,106,1559,9.2,15.0,0.3,89,2.7
2025.09.26,00:00,23.59,Arnulf,1414,113,1527,10.7,15.5,0.0,98,0.6
2025.09.27,00:00,23.59,Arnulf,1135,83,1218,10.3,16.8,0.0,89,3.3
2025.09.28,00:00,23.59,Arnulf,971,78,1049,9.3,16.2,0.0,80,2.7
2025.09.29,00:00,23.59,Arnulf,1562,103,1665,8.5,15.5,0.8,98,0.9
2025.09.30,00:00,23.59,Arnulf,1155,102,1257,7.5,13.1,5.2,100,0.2
2025.09.01,00:00,23.59,Olympia,905,560,1465,11.7,23.0,8.3,76,6.4
2025.09.02,00:00,23.59,Olympia,703,419,1122,12.9,19.1,0.5,76,2.4
2025.09.03,00:00,23.59,Olympia,1289,1199,2488,11.8,25.1,0.0,49,9.7
2025.09.04,00:00,23.59,Olympia,1384,1366,2750,14.8,26.9,22.4,60,11.5
2025.09.05,00:00,23.59,Olympia,514,470,984,10.8,16.0,7.7,78,1.6
2025.09.06,00:00,23.59,Olympia,1206,1114,2320,8.0,21.3,0.0,23,12.6
2025.09.07,00:00,23.59,Olympia,1480,1322,2802,9.3,22.9,0.0,94,11.3
2025.09.08,00:00,23.59,Olympia,1335,1354,2689,10.3,23.2,0.0,85,5.6
2025.09.09,00:00,23.59,Olympia,1031,990,2021,12.1,17.8,1.7,86,2.3
2025.09.10,00:00,23.59,Olympia,777,757,1534,11.8,14.2,6.4,86,1.9
2025.09.11,00:00,23.59,Olympia,1299,1252,2551,11.3,21.1,0.7,88,3.2
2025.09.12,00:00,23.59,Olympia,1109,1091,2200,13.4,17.3,0.0,98,1.2
2025.09.13,00:00,23.59,Olympia,1170,1088,2258,11.7,21.5,6.2,93,7.2
2025.09.14,00:00,23.59,Olympia,729,631,1360,11.7,17.1,4.3,94,2.1
2025.09.15,00:00,23.59,Olympia,1495,1541,3036,14.9,25.7,3.5,65,10.9
2025.09.16,00:00,23.59,Olympia,1369,1362,2731,11.6,18.8,0.0,88,6.3
2025.09.17,00:00,23.59,Olympia,1385,1390,2775,10.2,18.7,0.0,69,6.4
2025.09.18,00:00,23.59,Olympia,1639,1698,3337,12.1,25.6,0.0,18,12.1
2025.09.19,00:00,23.59,Olympia,1736,1785,3521,10.5,28.7,0.0,0,12.1
2025.09.20,00:00,23.59,Olympia,1297,1282,2579,12.9,30.7,0.0,24,11.5
2025.09.21,00:00,23.59,Olympia,1343,1319,2662,15.0,28.1,0.5,45,10.5
2025.09.22,00:00,23.59,Olympia,798,845,1643,9.3,15.6,0.9,99,0.0
2025.09.23,00:00,23.59,Olympia,988,1011,1999,9.2,13.1,3.4,100,0.0
2025.09.24,00:00,23.59,Olympia,613,590,1203,8.6,10.7,7.5,96,0.0
2025.09.25,00:00,23.59,Olympia,929,937,1866,9.2,15.0,0.3,89,2.7
2025.09.26,00:00,23.59,Olympia,943,982,1925,10.7,15.5,0.0,98,0.6
2025.09.27,00:00,23.59,Olympia,826,790,1616,10.3,16.8,0.0,89,3.3
2025.09.28,00:00,23.59,Olympia,1352,1180,2532,9.3,16.2,0.0,80,2.7
2025.09.29,00:00,23.59,Olympia,1050,1083,2133,8.5,15.5,0.8,98,0.9
2025.09.30,00:00,23.59,Olympia,770,734,1504,7.5,13.1,5.2,100,0.2
2025.09.01,00:00,23.59,Hirsch,932,981,1913,11.7,23.0,8.3,76,6.4
2025.09.02,00:00,23.59,Hirsch,785,792,1577,12.9,19.1,0.5,76,2.4
2025.09.03,00:00,23.59,Hirsch,1250,1266,2516,11.8,25.1,0.0,49,9.7
2025.09.04,00:00,23.59,Hirsch,1097,1151,2248,14.8,26.9,22.4,60,11.5
2025.09.05,00:00,23.59,Hirsch,409,409,818,10.8,16.0,7.7,78,1.6
2025.09.06,00:00,23.59,Hirsch,585,578,1163,8.0,21.3,0.0,23,12.6
2025.09.07,00:00,23.59,Hirsch,701,668,1369,9.3,22.9,0.0,94,11.3
2025.09.08,00:00,23.59,Hirsch,1203,1186,2389,10.3,23.2,0.0,85,5.6
2025.09.09,00:00,23.59,Hirsch,961,983,1944,12.1,17.8,1.7,86,2.3
2025.09.10,00:00,23.59,Hirsch,701,710,1411,11.8,14.2,6.4,86,1.9
2025.09.11,00:00,23.59,Hirsch,985,1004,1989,11.3,21.1,0.7,88,3.2
2025.09.12,00:00,23.59,Hirsch,784,822,1606,13.4,17.3,0.0,98,1.2
2025.09.13,00:00,23.59,Hirsch,698,698,1396,11.7,21.5,6.2,93,7.2
2025.09.14,00:00,23.59,Hirsch,345,325,670,11.7,17.1,4.3,94,2.1
2025.09.15,00:00,23.59,Hirsch,1298,1318,2616,14.9,25.7,3.5,65,10.9
2025.09.16,00:00,23.59,Hirsch,1168,1232,2400,11.6,18.8,0.0,88,6.3
2025.09.17,00:00,23.59,Hirsch,1337,1422,2759,10.2,18.7,0.0,69,6.4
2025.09.18,00:00,23.59,Hirsch,1462,1459,2921,12.1,25.6,0.0,18,12.1
2025.09.19,00:00,23.59,Hirsch,1167,1223,2390,10.5,28.7,0.0,0,12.1
2025.09.20,00:00,23.59,Hirsch,822,853,1675,12.9,30.7,0.0,24,11.5
2025.09.21,00:00,23.59,Hirsch,918,950,1868,15.0,28.1,0.5,45,10.5
2025.09.22,00:00,23.59,Hirsch,814,883,1697,9.3,15.6,0.9,99,0.0
2025.09.23,00:00,23.59,Hirsch,956,997,1953,9.2,13.1,3.4,100,0.0
2025.09.24,00:00,23.59,Hirsch,590,614,1204,8.6,10.7,7.5,96,0.0
2025.09.25,00:00,23.59,Hirsch,904,930,1834,9.2,15.0,0.3,89,2.7
2025.09.26,00:00,23.59,Hirsch,806,834,1640,10.7,15.5,0.0,98,0.6
2025.09.27,00:00,23.59,Hirsch,525,527,1052,10.3,16.8,0.0,89,3.3
2025.09.28,00:00,23.59,Hirsch,511,490,1001,9.3,16.2,0.0,80,2.7
2025.09.29,00:00,23.59,Hirsch,1081,1119,2200,8.5,15.5,0.8,98,0.9
2025.09.30,00:00,23.59,Hirsch,739,812,1551,7.5,13.1,5.2,100,0.2
2025.09.01,00:00,23.59,Erhardt,2488,1710,4198,11.7,23.0,8.3,76,6.4
2025.09.02,00:00,23.59,Erhardt,1794,1198,2992,12.9,19.1,0.5,76,2.4
2025.09.03,00:00,23.59,Erhardt,3255,2452,5707,11.8,25.1,0.0,49,9.7
2025.09.04,00:00,23.59,Erhardt,3237,2225,5462,14.8,26.9,22.4,60,11.5
2025.09.05,00:00,23.59,Erhardt,867,769,1636,10.8,16.0,7.7,78,1.6
2025.09.06,00:00,23.59,Erhardt,1888,2684,4572,8.0,21.3,0.0,23,12.6
2025.09.07,00:00,23.59,Erhardt,1424,1913,3337,9.3,22.9,0.0,94,11.3
2025.09.08,00:00,23.59,Erhardt,2762,2093,4855,10.3,23.2,0.0,85,5.6
2025.09.09,00:00,23.59,Erhardt,2269,1577,3846,12.1,17.8,1.7,86,2.3
2025.09.10,00:00,23.59,Erhardt,1593,1312,2905,11.8,14.2,6.4,86,1.9
2025.09.11,00:00,23.59,Erhardt,2472,1855,4327,11.3,21.1,0.7,88,3.2
2025.09.12,00:00,23.59,Erhardt,2134,1721,3855,13.4,17.3,0.0,98,1.2
2025.09.13,00:00,23.59,Erhardt,2330,2261,4591,11.7,21.5,6.2,93,7.2
2025.09.14,00:00,23.59,Erhardt,1071,1096,2167,11.7,17.1,4.3,94,2.1
2025.09.15,00:00,23.59,Erhardt,3169,2512,5681,14.9,25.7,3.5,65,10.9
2025.09.16,00:00,23.59,Erhardt,2869,2088,4957,11.6,18.8,0.0,88,6.3
2025.09.17,00:00,23.59,Erhardt,3124,2204,5328,10.2,18.7,0.0,69,6.4
2025.09.18,00:00,23.59,Erhardt,3877,2767,6644,12.1,25.6,0.0,18,12.1
2025.09.19,00:00,23.59,Erhardt,3764,2978,6742,10.5,28.7,0.0,0,12.1
2025.09.20,00:00,23.59,Erhardt,3188,2797,5985,12.9,30.7,0.0,24,11.5
2025.09.21,00:00,23.59,Erhardt,2970,2986,5956,15.0,28.1,0.5,45,10.5
2025.09.22,00:00,23.59,Erhardt,1957,1420,3377,9.3,15.6,0.9,99,0.0
2025.09.23,00:00,23.59,Erhardt,2353,1605,3958,9.2,13.1,3.4,100,0.0
2025.09.24,00:00,23.59,Erhardt,1404,1092,2496,8.6,10.7,7.5,96,0.0
2025.09.25,00:00,23.59,Erhardt,2096,1591,3687,9.2,15.0,0.3,89,2.7
2025.09.26,00:00,23.59,Erhardt,1924,1679,3603,10.7,15.5,0.0,98,0.6
2025.09.27,00:00,23.59,Erhardt,1560,1534,3094,10.3,16.8,0.0,89,3.3
2025.09.28,00:00,23.59,Erhardt,1611,1581,3192,9.3,16.2,0.0,80,2.7
2025.09.29,00:00,23.59,Erhardt,2338,1848,4186,8.5,15.5,0.8,98,0.9
2025.09.30,00:00,23.59,Erhardt,1758,1302,3060,7.5,13.1,5.2,100,0.2
2025.10.01,00:00,23.59,Arnulf,1526,100,1626,4.9,13.9,0.0,50,7.9
2025.10.02,00:00,23.59,Arnulf,1377,92,1469,2.7,13.4,0.0,13,9.1
2025.10.03,00:00,23.59,Arnulf,917,87,1004,2.3,14.2,0.0,18,10.7
2025.10.04,00:00,23.59,Arnulf,771,68,839,5.8,22.7,4.4,89,3.5
2025.10.05,00:00,23.59,Arnulf,453,74,527,6.8,10.8,14.4,86,0.0
2025.10.06,00:00,23.59,Arnulf,732,68,800,6.9,9.7,9.4,98,0.0
2025.10.07,00:00,23.59,Arnulf,953,87,1040,6.8,14.6,0.0,86,0.6
2025.10.08,00:00,23.59,Arnulf,1296,101,1397,6.4,17.6,0.0,88,7.9
2025.10.09,00:00,23.59,Arnulf,1037,71,1108,9.6,13.7,0.9,89,0.0
2025.10.10,00:00,23.59,Arnulf,1015,82,1097,8.1,12.5,0.0,95,0.0
2025.10.11,00:00,23.59,Arnulf,846,73,919,9.0,16.2,0.0,89,3.7
2025.10.12,00:00,23.59,Arnulf,743,56,799,9.8,15.4,0.0,98,2.3
2025.10.13,00:00,23.59,Arnulf,1230,88,1318,5.7,12.6,0.0,79,0.7
2025.10.14,00:00,23.59,Arnulf,1346,112,1458,5.1,14.2,0.0,56,5.8
2025.10.15,00:00,23.59,Arnulf,1365,104,1469,3.5,15.5,0.0,59,5.5
2025.10.16,00:00,23.59,Arnulf,1254,98,1352,5.7,9.0,0.0,84,0.1
2025.10.17,00:00,23.59,Arnulf,1074,81,1155,7.1,12.1,0.0,94,0.0
2025.10.18,00:00,23.59,Arnulf,906,75,981,4.1,13.0,0.0,69,2.7
2025.10.19,00:00,23.59,Arnulf,781,68,849,2.6,14.2,0.0,100,5.2
2025.10.20,00:00,23.59,Arnulf,1311,73,1384,5.5,15.4,0.6,99,0.6
2025.10.21,00:00,23.59,Arnulf,1437,85,1522,8.7,18.4,0.3,91,7.8
2025.10.22,00:00,23.59,Arnulf,1139,68,1207,10.2,15.4,2.1,99,0.0
2025.10.23,00:00,23.59,Arnulf,1032,77,1109,8.6,15.8,5.3,99,0.0
2025.10.24,00:00,23.59,Arnulf,817,67,884,4.0,9.7,2.2,45,6.4
2025.10.25,00:00,23.59,Arnulf,495,40,535,6.5,12.3,4.3,78,1.6
2025.10.26,00:00,23.59,Arnulf,511,41,552,4.4,10.8,4.3,78,3.8
2025.10.27,00:00,23.59,Arnulf,628,55,683,5.0,7.7,5.4,85,0.3
2025.10.28,00:00,23.59,Arnulf,1137,85,1222,6.8,14.3,0.0,89,4.2
2025.10.29,00:00,23.59,Arnulf,1357,100,1457,6.0,16.5,0.3,54,8.5
2025.10.30,00:00,23.59,Arnulf,1302,90,1392,5.2,15.4,0.0,79,4.5
2025.10.31,00:00,23.59,Arnulf,1046,82,1128,3.7,13.2,0.0,81,4.1
2025.10.01,00:00,23.59,Kreuther,460,357,817,4.9,13.9,0.0,50,7.9
2025.10.02,00:00,23.59,Kreuther,400,351,751,2.7,13.4,0.0,13,9.1
2025.10.03,00:00,23.59,Kreuther,209,183,392,2.3,14.2,0.0,18,10.7
2025.10.04,00:00,23.59,Kreuther,212,196,408,5.8,22.7,4.4,89,3.5
2025.10.05,00:00,23.59,Kreuther,78,71,149,6.8,10.8,14.4,86,0.0
2025.10.06,00:00,23.59,Kreuther,219,170,389,6.9,9.7,9.4,98,0.0
2025.10.07,00:00,23.59,Kreuther,346,260,606,6.8,14.6,0.0,86,0.6
2025.10.08,00:00,23.59,Kreuther,444,339,783,6.4,17.6,0.0,88,7.9
2025.10.09,00:00,23.59,Kreuther,358,302,660,9.6,13.7,0.9,89,0.0
2025.10.10,00:00,23.59,Kreuther,381,312,693,8.1,12.5,0.0,95,0.0
2025.10.11,00:00,23.59,Kreuther,265,254,519,9.0,16.2,0.0,89,3.7
2025.10.12,00:00,23.59,Kreuther,231,239,470,9.8,15.4,0.0,98,2.3
2025.10.13,00:00,23.59,Kreuther,397,317,714,5.7,12.6,0.0,79,0.7
2025.10.14,00:00,23.59,Kreuther,471,376,847,5.1,14.2,0.0,56,5.8
2025.10.15,00:00,23.59,Kreuther,453,410,863,3.5,15.5,0.0,59,5.5
2025.10.16,00:00,23.59,Kreuther,369,280,649,5.7,9.0,0.0,84,0.1
2025.10.17,00:00,23.59,Kreuther,366,302,668,7.1,12.1,0.0,94,0.0
2025.10.18,00:00,23.59,Kreuther,248,223,471,4.1,13.0,0.0,69,2.7
2025.10.19,00:00,23.59,Kreuther,246,233,479,2.6,14.2,0.0,100,5.2
2025.10.20,00:00,23.59,Kreuther,453,370,823,5.5,15.4,0.6,99,0.6
2025.10.21,00:00,23.59,Kreuther,480,382,862,8.7,18.4,0.3,91,7.8
2025.10.22,00:00,23.59,Kreuther,325,260,585,10.2,15.4,2.1,99,0.0
2025.10.23,00:00,23.59,Kreuther,301,221,522,8.6,15.8,5.3,99,0.0
2025.10.24,00:00,23.59,Kreuther,236,164,400,4.0,9.7,2.2,45,6.4
2025.10.25,00:00,23.59,Kreuther,117,117,234,6.5,12.3,4.3,78,1.6
2025.10.26,00:00,23.59,Kreuther,99,97,196,4.4,10.8,4.3,78,3.8
2025.10.27,00:00,23.59,Kreuther,186,135,321,5.0,7.7,5.4,85,0.3
2025.10.28,00:00,23.59,Kreuther,369,284,653,6.8,14.3,0.0,89,4.2
2025.10.29,00:00,23.59,Kreuther,385,333,718,6.0,16.5,0.3,54,8.5
2025.10.30,00:00,23.59,Kreuther,353,257,610,5.2,15.4,0.0,79,4.5
2025.10.31,00:00,23.59,Kreuther,368,312,680,3.7,13.2,0.0,81,4.1
2025.10.01,00:00,23.59,Olympia,1256,1280,2536,4.9,13.9,0.0,50,7.9
2025.10.02,00:00,23.59,Olympia,1025,1018,2043,2.7,13.4,0.0,13,9.1
2025.10.03,00:00,23.59,Olympia,852,867,1719,2.3,14.2,0.0,18,10.7
2025.10.04,00:00,23.59,Olympia,580,550,1130,5.8,22.7,4.4,89,3.5
2025.10.05,00:00,23.59,Olympia,273,278,551,6.8,10.8,14.4,86,0.0
2025.10.06,00:00,23.59,Olympia,628,662,1290,6.9,9.7,9.4,98,0.0
2025.10.07,00:00,23.59,Olympia,918,939,1857,6.8,14.6,0.0,86,0.6
2025.10.08,00:00,23.59,Olympia,1183,1245,2428,6.4,17.6,0.0,88,7.9
2025.10.09,00:00,23.59,Olympia,934,970,1904,9.6,13.7,0.9,89,0.0
2025.10.10,00:00,23.59,Olympia,1241,1291,2532,8.1,12.5,0.0,95,0.0
2025.10.11,00:00,23.59,Olympia,1399,1299,2698,9.0,16.2,0.0,89,3.7
2025.10.12,00:00,23.59,Olympia,2985,2350,5335,9.8,15.4,0.0,98,2.3
2025.10.13,00:00,23.59,Olympia,1126,1167,2293,5.7,12.6,0.0,79,0.7
2025.10.14,00:00,23.59,Olympia,1671,1644,3315,5.1,14.2,0.0,56,5.8
2025.10.15,00:00,23.59,Olympia,1282,1348,2630,3.5,15.5,0.0,59,5.5
2025.10.16,00:00,23.59,Olympia,1242,1288,2530,5.7,9.0,0.0,84,0.1
2025.10.17,00:00,23.59,Olympia,1068,1085,2153,7.1,12.1,0.0,94,0.0
2025.10.18,00:00,23.59,Olympia,869,564,1433,4.1,13.0,0.0,69,2.7
2025.10.19,00:00,23.59,Olympia,1409,1099,2508,2.6,14.2,0.0,100,5.2
2025.10.20,00:00,23.59,Olympia,1226,1234,2460,5.5,15.4,0.6,99,0.6
2025.10.21,00:00,23.59,Olympia,1486,1530,3016,8.7,18.4,0.3,91,7.8
2025.10.22,00:00,23.59,Olympia,1015,1070,2085,10.2,15.4,2.1,99,0.0
2025.10.23,00:00,23.59,Olympia,921,944,1865,8.6,15.8,5.3,99,0.0
2025.10.24,00:00,23.59,Olympia,888,912,1800,4.0,9.7,2.2,45,6.4
2025.10.25,00:00,23.59,Olympia,654,605,1259,6.5,12.3,4.3,78,1.6
2025.10.26,00:00,23.59,Olympia,787,769,1556,4.4,10.8,4.3,78,3.8
2025.10.27,00:00,23.59,Olympia,604,621,1225,5.0,7.7,5.4,85,0.3
2025.10.28,00:00,23.59,Olympia,1155,1150,2305,6.8,14.3,0.0,89,4.2
2025.10.29,00:00,23.59,Olympia,1575,1636,3211,6.0,16.5,0.3,54,8.5
2025.10.30,00:00,23.59,Olympia,1402,1376,2778,5.2,15.4,0.0,79,4.5
2025.10.31,00:00,23.59,Olympia,1115,1072,2187,3.7,13.2,0.0,81,4.1
2025.10.01,00:00,23.59,Hirsch,1061,1081,2142,4.9,13.9,0.0,50,7.9
2025.10.02,00:00,23.59,Hirsch,942,950,1892,2.7,13.4,0.0,13,9.1
2025.10.03,00:00,23.59,Hirsch,480,484,964,2.3,14.2,0.0,18,10.7
2025.10.04,00:00,23.59,Hirsch,332,342,674,5.8,22.7,4.4,89,3.5
2025.10.05,00:00,23.59,Hirsch,212,205,417,6.8,10.8,14.4,86,0.0
2025.10.06,00:00,23.59,Hirsch,569,587,1156,6.9,9.7,9.4,98,0.0
2025.10.07,00:00,23.59,Hirsch,806,882,1688,6.8,14.6,0.0,86,0.6
2025.10.08,00:00,23.59,Hirsch,1089,1111,2200,6.4,17.6,0.0,88,7.9
2025.10.09,00:00,23.59,Hirsch,931,924,1855,9.6,13.7,0.9,89,0.0
2025.10.10,00:00,23.59,Hirsch,802,757,1559,8.1,12.5,0.0,95,0.0
2025.10.11,00:00,23.59,Hirsch,513,543,1056,9.0,16.2,0.0,89,3.7
2025.10.12,00:00,23.59,Hirsch,492,466,958,9.8,15.4,0.0,98,2.3
2025.10.13,00:00,23.59,Hirsch,1062,1084,2146,5.7,12.6,0.0,79,0.7
2025.10.14,00:00,23.59,Hirsch,1195,1155,2350,5.1,14.2,0.0,56,5.8
2025.10.15,00:00,23.59,Hirsch,1139,1206,2345,3.5,15.5,0.0,59,5.5
2025.10.16,00:00,23.59,Hirsch,1055,1072,2127,5.7,9.0,0.0,84,0.1
2025.10.17,00:00,23.59,Hirsch,829,863,1692,7.1,12.1,0.0,94,0.0
2025.10.18,00:00,23.59,Hirsch,482,445,927,4.1,13.0,0.0,69,2.7
2025.10.19,00:00,23.59,Hirsch,491,432,923,2.6,14.2,0.0,100,5.2
2025.10.20,00:00,23.59,Hirsch,1095,1103,2198,5.5,15.4,0.6,99,0.6
2025.10.21,00:00,23.59,Hirsch,1189,1250,2439,8.7,18.4,0.3,91,7.8
2025.10.22,00:00,23.59,Hirsch,820,864,1684,10.2,15.4,2.1,99,0.0
2025.10.23,00:00,23.59,Hirsch,810,805,1615,8.6,15.8,5.3,99,0.0
2025.10.24,00:00,23.59,Hirsch,613,635,1248,4.0,9.7,2.2,45,6.4
2025.10.25,00:00,23.59,Hirsch,237,242,479,6.5,12.3,4.3,78,1.6
2025.10.26,00:00,23.59,Hirsch,282,277,559,4.4,10.8,4.3,78,3.8
2025.10.27,00:00,23.59,Hirsch,473,552,1025,5.0,7.7,5.4,85,0.3
2025.10.28,00:00,23.59,Hirsch,1015,1078,2093,6.8,14.3,0.0,89,4.2
2025.10.29,00:00,23.59,Hirsch,1131,1199,2330,6.0,16.5,0.3,54,8.5
2025.10.30,00:00,23.59,Hirsch,1068,1112,2180,5.2,15.4,0.0,79,4.5
2025.10.31,00:00,23.59,Hirsch,836,855,1691,3.7,13.2,0.0,81,4.1
2025.10.01,00:00,23.59,Erhardt,2539,1931,4470,4.9,13.9,0.0,50,7.9
2025.10.02,00:00,23.59,Erhardt,2204,1706,3910,2.7,13.4,0.0,13,9.1
2025.10.03,00:00,23.59,Erhardt,1593,1371,2964,2.3,14.2,0.0,18,10.7
2025.10.04,00:00,23.59,Erhardt,1154,1041,2195,5.8,22.7,4.4,89,3.5
2025.10.05,00:00,23.59,Erhardt,529,535,1064,6.8,10.8,14.4,86,0.0
2025.10.06,00:00,23.59,Erhardt,1291,984,2275,6.9,9.7,9.4,98,0.0
2025.10.07,00:00,23.59,Erhardt,1861,1482,3343,6.8,14.6,0.0,86,0.6
2025.10.08,00:00,23.59,Erhardt,2503,1826,4329,6.4,17.6,0.0,88,7.9
2025.10.09,00:00,23.59,Erhardt,2088,1540,3628,9.6,13.7,0.9,89,0.0
2025.10.10,00:00,23.59,Erhardt,1912,1594,3506,8.1,12.5,0.0,95,0.0
2025.10.11,00:00,23.59,Erhardt,1840,1593,3433,9.0,16.2,0.0,89,3.7
2025.10.12,00:00,23.59,Erhardt,1706,1697,3403,9.8,15.4,0.0,98,2.3
2025.10.13,00:00,23.59,Erhardt,2320,1706,4026,5.7,12.6,0.0,79,0.7
2025.10.14,00:00,23.59,Erhardt,2742,1980,4722,5.1,14.2,0.0,56,5.8
2025.10.15,00:00,23.59,Erhardt,2713,1921,4634,3.5,15.5,0.0,59,5.5
2025.10.16,00:00,23.59,Erhardt,2414,1831,4245,5.7,9.0,0.0,84,0.1
2025.10.17,00:00,23.59,Erhardt,2086,1629,3715,7.1,12.1,0.0,94,0.0
2025.10.18,00:00,23.59,Erhardt,1754,1629,3383,4.1,13.0,0.0,69,2.7
2025.10.19,00:00,23.59,Erhardt,1715,1549,3264,2.6,14.2,0.0,100,5.2
2025.10.20,00:00,23.59,Erhardt,2501,1909,4410,5.5,15.4,0.6,99,0.6
2025.10.21,00:00,23.59,Erhardt,2904,2097,5001,8.7,18.4,0.3,91,7.8
2025.10.22,00:00,23.59,Erhardt,2084,1524,3608,10.2,15.4,2.1,99,0.0
2025.10.23,00:00,23.59,Erhardt,1736,1448,3184,8.6,15.8,5.3,99,0.0
2025.10.24,00:00,23.59,Erhardt,1647,1231,2878,4.0,9.7,2.2,45,6.4
2025.10.25,00:00,23.59,Erhardt,856,835,1691,6.5,12.3,4.3,78,1.6
2025.10.26,00:00,23.59,Erhardt,1118,1034,2152,4.4,10.8,4.3,78,3.8
2025.10.27,00:00,23.59,Erhardt,1161,853,2014,5.0,7.7,5.4,85,0.3
2025.10.28,00:00,23.59,Erhardt,2348,1626,3974,6.8,14.3,0.0,89,4.2
2025.10.29,00:00,23.59,Erhardt,2804,1991,4795,6.0,16.5,0.3,54,8.5
2025.10.30,00:00,23.59,Erhardt,2361,1790,4151,5.2,15.4,0.0,79,4.5
2025.10.31,00:00,23.59,Erhardt,2085,1601,3686,3.7,13.2,0.0,81,4.1
2025.11.01,00:00,23.59,Arnulf,836,71,907,6.7,17.9,2.4,85,6.8
2025.11.02,00:00,23.59,Arnulf,274,26,300,8.1,14.6,17.2,95,0.0
2025.11.03,00:00,23.59,Arnulf,1060,104,1164,5.5,12.5,0.0,54,3.9
2025.11.04,00:00,23.59,Arnulf,1257,114,1371,2.1,14.8,0.0,54,9.6
2025.11.05,00:00,23.59,Arnulf,1339,99,1438,1.5,15.1,0.0,78,9.1
2025.11.06,00:00,23.59,Arnulf,1057,94,1151,-0.9,5.3,0.0,74,1.9
2025.11.07,00:00,23.59,Arnulf,927,81,1008,0.9,3.9,0.0,100,0.0
2025.11.08,00:00,23.59,Arnulf,635,48,683,1.0,6.1,0.8,100,0.0
2025.11.09,00:00,23.59,Arnulf,400,48,448,6.0,10.4,4.2,99,0.0
2025.11.10,00:00,23.59,Arnulf,1088,101,1189,3.9,11.9,0.0,73,3.5
2025.11.11,00:00,23.59,Arnulf,1261,98,1359,4.5,14.2,0.0,86,5.7
2025.11.12,00:00,23.59,Arnulf,1275,101,1376,1.8,14.2,0.0,78,8.0
2025.11.13,00:00,23.59,Arnulf,1340,88,1428,3.5,18.4,0.0,95,7.9
2025.11.14,00:00,23.59,Arnulf,1240,87,1327,4.0,19.7,0.0,68,4.5
2025.11.15,00:00,23.59,Arnulf,900,53,953,5.5,14.6,0.2,95,5.1
2025.11.16,00:00,23.59,Arnulf,673,46,719,6.5,14.2,0.3,94,3.1
2025.11.17,00:00,23.59,Arnulf,780,55,835,0.3,8.2,2.1,96,0.5
2025.11.18,00:00,23.59,Arnulf,1002,78,1080,-1.6,4.4,0.0,64,4.9
2025.11.19,00:00,23.59,Arnulf,995,85,1080,-1.4,4.2,0.2,66,5.7
2025.11.20,00:00,23.59,Arnulf,860,62,922,-0.3,3.9,0.0,96,0.1
2025.11.21,00:00,23.59,Arnulf,670,64,734,-1.9,0.7,0.4,94,0.0
2025.11.22,00:00,23.59,Arnulf,337,33,370,-7.1,-0.9,0.0,46,1.9
2025.11.23,00:00,23.59,Arnulf,311,34,345,-8.0,1.2,6.8,46,7.1
2025.11.24,00:00,23.59,Arnulf,459,46,505,0.1,5.0,22.1,96,0.0
2025.11.25,00:00,23.59,Arnulf,785,70,855,2.0,5.0,2.6,98,0.0
2025.11.26,00:00,23.59,Arnulf,776,73,849,0.3,2.2,2.2,98,0.0
2025.11.27,00:00,23.59,Arnulf,882,78,960,-2.1,3.6,0.0,79,1.7
2025.11.28,00:00,23.59,Arnulf,754,74,828,-3.4,5.4,0.2,51,8.3
2025.11.29,00:00,23.59,Arnulf,501,34,535,1.5,7.4,0.6,91,0.0
2025.11.30,00:00,23.59,Arnulf,408,40,448,-0.9,8.8,2.8,99,2.9
2025.11.01,00:00,23.59,Kreuther,207,233,440,6.7,17.9,2.4,85,6.8
2025.11.02,00:00,23.59,Kreuther,41,42,83,8.1,14.6,17.2,95,0.0
2025.11.03,00:00,23.59,Kreuther,317,215,532,5.5,12.5,0.0,54,3.9
2025.11.04,00:00,23.59,Kreuther,371,305,676,2.1,14.8,0.0,54,9.6
2025.11.05,00:00,23.59,Kreuther,340,306,646,1.5,15.1,0.0,78,9.1
2025.11.06,00:00,23.59,Kreuther,265,201,466,-0.9,5.3,0.0,74,1.9
2025.11.07,00:00,23.59,Kreuther,209,190,399,0.9,3.9,0.0,100,0.0
2025.11.08,00:00,23.59,Kreuther,167,128,295,1.0,6.1,0.8,100,0.0
2025.11.09,00:00,23.59,Kreuther,94,80,174,6.0,10.4,4.2,99,0.0
2025.11.10,00:00,23.59,Kreuther,366,283,649,3.9,11.9,0.0,73,3.5
2025.11.11,00:00,23.59,Kreuther,407,311,718,4.5,14.2,0.0,86,5.7
2025.11.12,00:00,23.59,Kreuther,452,324,776,1.8,14.2,0.0,78,8.0
2025.11.13,00:00,23.59,Kreuther,421,312,733,3.5,18.4,0.0,95,7.9
2025.11.14,00:00,23.59,Kreuther,386,314,700,4.0,19.7,0.0,68,4.5
2025.11.15,00:00,23.59,Kreuther,243,216,459,5.5,14.6,0.2,95,5.1
2025.11.16,00:00,23.59,Kreuther,197,201,398,6.5,14.2,0.3,94,3.1
2025.11.17,00:00,23.59,Kreuther,244,172,416,0.3,8.2,2.1,96,0.5
2025.11.18,00:00,23.59,Kreuther,361,276,637,-1.6,4.4,0.0,64,4.9
2025.11.19,00:00,23.59,Kreuther,290,221,511,-1.4,4.2,0.2,66,5.7
2025.11.20,00:00,23.59,Kreuther,271,217,488,-0.3,3.9,0.0,96,0.1
2025.11.21,00:00,23.59,Kreuther,201,152,353,-1.9,0.7,0.4,94,0.0
2025.11.22,00:00,23.59,Kreuther,88,82,170,-7.1,-0.9,0.0,46,1.9
2025.11.23,00:00,23.59,Kreuther,94,85,179,-8.0,1.2,6.8,46,7.1
2025.11.24,00:00,23.59,Kreuther,152,103,255,0.1,5.0,22.1,96,0.0
2025.11.25,00:00,23.59,Kreuther,236,180,416,2.0,5.0,2.6,98,0.0
2025.11.26,00:00,23.59,Kreuther,201,158,359,0.3,2.2,2.2,98,0.0
2025.11.27,00:00,23.59,Kreuther,283,208,491,-2.1,3.6,0.0,79,1.7
2025.11.28,00:00,23.59,Kreuther,228,186,414,-3.4,5.4,0.2,51,8.3
2025.11.29,00:00,23.59,Kreuther,99,90,189,1.5,7.4,0.6,91,0.0
2025.11.30,00:00,23.59,Kreuther,94,91,185,-0.9,8.8,2.8,99,2.9
2025.11.01,00:00,23.59,Olympia,854,823,1677,6.7,17.9,2.4,85,6.8
2025.11.02,00:00,23.59,Olympia,223,207,430,8.1,14.6,17.2,95,0.0
2025.11.03,00:00,23.59,Olympia,1083,1075,2158,5.5,12.5,0.0,54,3.9
2025.11.04,00:00,23.59,Olympia,1251,1305,2556,2.1,14.8,0.0,54,9.6
2025.11.05,00:00,23.59,Olympia,1186,1257,2443,1.5,15.1,0.0,78,9.1
2025.11.06,00:00,23.59,Olympia,1036,1084,2120,-0.9,5.3,0.0,74,1.9
2025.11.07,00:00,23.59,Olympia,735,738,1473,0.9,3.9,0.0,100,0.0
2025.11.08,00:00,23.59,Olympia,539,511,1050,1.0,6.1,0.8,100,0.0
2025.11.09,00:00,23.59,Olympia,451,434,885,6.0,10.4,4.2,99,0.0
2025.11.10,00:00,23.59,Olympia,1131,1154,2285,3.9,11.9,0.0,73,3.5
2025.11.11,00:00,23.59,Olympia,1278,1316,2594,4.5,14.2,0.0,86,5.7
2025.11.12,00:00,23.59,Olympia,1363,1375,2738,1.8,14.2,0.0,78,8.0
2025.11.13,00:00,23.59,Olympia,1378,1363,2741,3.5,18.4,0.0,95,7.9
2025.11.14,00:00,23.59,Olympia,1276,1338,2614,4.0,19.7,0.0,68,4.5
2025.11.15,00:00,23.59,Olympia,848,848,1696,5.5,14.6,0.2,95,5.1
2025.11.16,00:00,23.59,Olympia,808,791,1599,6.5,14.2,0.3,94,3.1
2025.11.17,00:00,23.59,Olympia,728,764,1492,0.3,8.2,2.1,96,0.5
2025.11.18,00:00,23.59,Olympia,1068,1097,2165,-1.6,4.4,0.0,64,4.9
2025.11.19,00:00,23.59,Olympia,998,1024,2022,-1.4,4.2,0.2,66,5.7
2025.11.20,00:00,23.59,Olympia,920,954,1874,-0.3,3.9,0.0,96,0.1
2025.11.21,00:00,23.59,Olympia,734,726,1460,-1.9,0.7,0.4,94,0.0
2025.11.22,00:00,23.59,Olympia,384,378,762,-7.1,-0.9,0.0,46,1.9
2025.11.23,00:00,23.59,Olympia,426,404,830,-8.0,1.2,6.8,46,7.1
2025.11.24,00:00,23.59,Olympia,485,478,963,0.1,5.0,22.1,96,0.0
2025.11.25,00:00,23.59,Olympia,793,780,1573,2.0,5.0,2.6,98,0.0
2025.11.26,00:00,23.59,Olympia,639,691,1330,0.3,2.2,2.2,98,0.0
2025.11.27,00:00,23.59,Olympia,859,899,1758,-2.1,3.6,0.0,79,1.7
2025.11.28,00:00,23.59,Olympia,846,847,1693,-3.4,5.4,0.2,51,8.3
2025.11.29,00:00,23.59,Olympia,547,527,1074,1.5,7.4,0.6,91,0.0
2025.11.30,00:00,23.59,Olympia,559,516,1075,-0.9,8.8,2.8,99,2.9
2025.11.01,00:00,23.59,Hirsch,453,464,917,6.7,17.9,2.4,85,6.8
2025.11.02,00:00,23.59,Hirsch,130,140,270,8.1,14.6,17.2,95,0.0
2025.11.03,00:00,23.59,Hirsch,981,1016,1997,5.5,12.5,0.0,54,3.9
2025.11.04,00:00,23.59,Hirsch,1206,1231,2437,2.1,14.8,0.0,54,9.6
2025.11.05,00:00,23.59,Hirsch,1159,1222,2381,1.5,15.1,0.0,78,9.1
2025.11.06,00:00,23.59,Hirsch,991,1074,2065,-0.9,5.3,0.0,74,1.9
2025.11.07,00:00,23.59,Hirsch,702,741,1443,0.9,3.9,0.0,100,0.0
2025.11.08,00:00,23.59,Hirsch,324,326,650,1.0,6.1,0.8,100,0.0
2025.11.09,00:00,23.59,Hirsch,213,191,404,6.0,10.4,4.2,99,0.0
2025.11.10,00:00,23.59,Hirsch,1018,1075,2093,3.9,11.9,0.0,73,3.5
2025.11.11,00:00,23.59,Hirsch,1148,1164,2312,4.5,14.2,0.0,86,5.7
2025.11.12,00:00,23.59,Hirsch,1141,1196,2337,1.8,14.2,0.0,78,8.0
2025.11.13,00:00,23.59,Hirsch,1135,1186,2321,3.5,18.4,0.0,95,7.9
2025.11.14,00:00,23.59,Hirsch,933,961,1894,4.0,19.7,0.0,68,4.5
2025.11.15,00:00,23.59,Hirsch,526,497,1023,5.5,14.6,0.2,95,5.1
2025.11.16,00:00,23.59,Hirsch,411,409,820,6.5,14.2,0.3,94,3.1
2025.11.17,00:00,23.59,Hirsch,605,697,1302,0.3,8.2,2.1,96,0.5
2025.11.18,00:00,23.59,Hirsch,912,933,1845,-1.6,4.4,0.0,64,4.9
2025.11.19,00:00,23.59,Hirsch,831,824,1655,-1.4,4.2,0.2,66,5.7
2025.11.20,00:00,23.59,Hirsch,767,776,1543,-0.3,3.9,0.0,96,0.1
2025.11.21,00:00,23.59,Hirsch,511,510,1021,-1.9,0.7,0.4,94,0.0
2025.11.22,00:00,23.59,Hirsch,201,170,371,-7.1,-0.9,0.0,46,1.9
2025.11.23,00:00,23.59,Hirsch,164,165,329,-8.0,1.2,6.8,46,7.1
2025.11.24,00:00,23.59,Hirsch,346,366,712,0.1,5.0,22.1,96,0.0
2025.11.25,00:00,23.59,Hirsch,617,663,1280,2.0,5.0,2.6,98,0.0
2025.11.26,00:00,23.59,Hirsch,536,599,1135,0.3,2.2,2.2,98,0.0
2025.11.27,00:00,23.59,Hirsch,697,728,1425,-2.1,3.6,0.0,79,1.7
2025.11.28,00:00,23.59,Hirsch,607,577,1184,-3.4,5.4,0.2,51,8.3
2025.11.29,00:00,23.59,Hirsch,217,244,461,1.5,7.4,0.6,91,0.0
2025.11.30,00:00,23.59,Hirsch,217,230,447,-0.9,8.8,2.8,99,2.9
2025.11.01,00:00,23.59,Erhardt,1952,1757,3709,6.7,17.9,2.4,85,6.8
2025.11.02,00:00,23.59,Erhardt,308,352,660,8.1,14.6,17.2,95,0.0
2025.11.03,00:00,23.59,Erhardt,1918,1372,3290,5.5,12.5,0.0,54,3.9
2025.11.04,00:00,23.59,Erhardt,2413,1857,4270,2.1,14.8,0.0,54,9.6
2025.11.05,00:00,23.59,Erhardt,2279,1767,4046,1.5,15.1,0.0,78,9.1
2025.11.06,00:00,23.59,Erhardt,1874,1478,3352,-0.9,5.3,0.0,74,1.9
2025.11.07,00:00,23.59,Erhardt,1473,1115,2588,0.9,3.9,0.0,100,0.0
2025.11.08,00:00,23.59,Erhardt,946,938,1884,1.0,6.1,0.8,100,0.0
2025.11.09,00:00,23.59,Erhardt,719,662,1381,6.0,10.4,4.2,99,0.0
2025.11.10,00:00,23.59,Erhardt,2084,1680,3764,3.9,11.9,0.0,73,3.5
2025.11.11,00:00,23.59,Erhardt,2386,1792,4178,4.5,14.2,0.0,86,5.7
2025.11.12,00:00,23.59,Erhardt,2528,1984,4512,1.8,14.2,0.0,78,8.0
2025.11.13,00:00,23.59,Erhardt,2655,2080,4735,3.5,18.4,0.0,95,7.9
2025.11.14,00:00,23.59,Erhardt,2385,2140,4525,4.0,19.7,0.0,68,4.5
2025.11.15,00:00,23.59,Erhardt,1568,1611,3179,5.5,14.6,0.2,95,5.1
2025.11.16,00:00,23.59,Erhardt,1336,1408,2744,6.5,14.2,0.3,94,3.1
2025.11.17,00:00,23.59,Erhardt,1322,1007,2329,0.3,8.2,2.1,96,0.5
2025.11.18,00:00,23.59,Erhardt,2153,1566,3719,-1.6,4.4,0.0,64,4.9
2025.11.19,00:00,23.59,Erhardt,1885,1427,3312,-1.4,4.2,0.2,66,5.7
2025.11.20,00:00,23.59,Erhardt,1644,1245,2889,-0.3,3.9,0.0,96,0.1
2025.11.21,00:00,23.59,Erhardt,1214,933,2147,-1.9,0.7,0.4,94,0.0
2025.11.22,00:00,23.59,Erhardt,673,625,1298,-7.1,-0.9,0.0,46,1.9
2025.11.23,00:00,23.59,Erhardt,675,666,1341,-8.0,1.2,6.8,46,7.1
2025.11.24,00:00,23.59,Erhardt,808,669,1477,0.1,5.0,22.1,96,0.0
2025.11.25,00:00,23.59,Erhardt,1326,1054,2380,2.0,5.0,2.6,98,0.0
2025.11.26,00:00,23.59,Erhardt,1126,1000,2126,0.3,2.2,2.2,98,0.0
2025.11.27,00:00,23.59,Erhardt,1523,1365,2888,-2.1,3.6,0.0,79,1.7
2025.11.28,00:00,23.59,Erhardt,1292,1241,2533,-3.4,5.4,0.2,51,8.3
2025.11.29,00:00,23.59,Erhardt,753,659,1412,1.5,7.4,0.6,91,0.0
2025.11.30,00:00,23.59,Erhardt,764,818,1582,-0.9,8.8,2.8,99,2.9
2025.12.01,00:00,23.59,Arnulf,921,76,997,3.5,4.8,0.0,99,0.0
2025.12.02,00:00,23.59,Arnulf,1025,73,1098,0.1,5.0,0.0,84,5.0
2025.12.03,00:00,23.59,Arnulf,921,87,1008,-0.3,1.4,0.0,100,0.0
2025.12.04,00:00,23.59,Arnulf,948,81,1029,-0.3,0.7,1.2,100,0.0
2025.12.05,00:00,23.59,Arnulf,609,69,678,0.3,4.3,1.7,100,0.0
2025.12.06,00:00,23.59,Arnulf,513,44,557,1.3,8.2,1.4,91,2.2
2025.12.07,00:00,23.59,Arnulf,333,34,367,6.8,9.4,17.6,98,0.0
2025.12.08,00:00,23.59,Arnulf,874,70,944,6.9,13.5,0.9,96,0.2
2025.12.09,00:00,23.59,Arnulf,1092,94,1186,3.3,15.5,0.0,69,7.7
2025.12.10,00:00,23.59,Arnulf,1095,105,1200,2.7,13.2,0.2,44,8.1
2025.12.11,00:00,23.59,Arnulf,1063,85,1148,6.6,8.2,0.0,100,0.0
2025.12.12,00:00,23.59,Arnulf,813,86,899,2.7,6.7,0.0,100,2.6
2025.12.13,00:00,23.59,Arnulf,583,63,646,0.5,4.0,0.0,100,0.0
2025.12.14,00:00,23.59,Arnulf,447,62,509,0.0,3.9,0.0,100,0.0
2025.12.15,00:00,23.59,Arnulf,897,74,971,-1.4,3.2,0.0,84,4.9
2025.12.16,00:00,23.59,Arnulf,952,93,1045,-1.5,0.6,0.0,100,0.0
2025.12.17,00:00,23.59,Arnulf,1083,86,1169,-0.7,8.5,0.0,88,0.0
2025.12.18,00:00,23.59,Arnulf,1029,77,1106,0.4,12.6,0.0,38,6.9
2025.12.19,00:00,23.59,Arnulf,901,84,985,-1.5,13.5,0.2,55,7.1
2025.12.20,00:00,23.59,Arnulf,554,40,594,-0.7,8.7,0.0,55,7.6
2025.12.21,00:00,23.59,Arnulf,346,38,384,-2.0,0.2,0.0,90,0.0
2025.12.22,00:00,23.59,Arnulf,592,55,647,-1.7,0.4,0.0,100,0.0
2025.12.23,00:00,23.59,Arnulf,496,50,546,-0.2,1.6,0.5,99,0.0
2025.12.24,00:00,23.59,Arnulf,116,18,134,-1.1,1.2,1.6,96,0.0
2025.12.25,00:00,23.59,Arnulf,70,11,81,-2.2,1.2,0.0,71,3.3
2025.12.26,00:00,23.59,Arnulf,143,11,154,-2.7,-0.4,0.0,98,0.0
2025.12.27,00:00,23.59,Arnulf,230,28,258,-2.9,0.8,0.0,93,3.7
2025.12.28,00:00,23.59,Arnulf,194,22,216,-4.3,-0.7,0.0,94,0.0
2025.12.29,00:00,23.59,Arnulf,333,30,363,-5.2,-2.9,0.2,100,0.0
2025.12.30,00:00,23.59,Arnulf,279,24,303,-5.2,-0.2,0.0,79,0.0
2025.12.31,00:00,23.59,Arnulf,179,21,200,-7.0,0.1,0.0,30,8.1
2025.12.01,00:00,23.59,Kreuther,270,217,487,3.5,4.8,0.0,99,0.0
2025.12.02,00:00,23.59,Kreuther,319,261,580,0.1,5.0,0.0,84,5.0
2025.12.03,00:00,23.59,Kreuther,267,216,483,-0.3,1.4,0.0,100,0.0
2025.12.04,00:00,23.59,Kreuther,294,198,492,-0.3,0.7,1.2,100,0.0
2025.12.05,00:00,23.59,Kreuther,171,119,290,0.3,4.3,1.7,100,0.0
2025.12.06,00:00,23.59,Kreuther,120,111,231,1.3,8.2,1.4,91,2.2
2025.12.07,00:00,23.59,Kreuther,89,68,157,6.8,9.4,17.6,98,0.0
2025.12.08,00:00,23.59,Kreuther,288,220,508,6.9,13.5,0.9,96,0.2
2025.12.09,00:00,23.59,Kreuther,359,286,645,3.3,15.5,0.0,69,7.7
2025.12.10,00:00,23.59,Kreuther,366,281,647,2.7,13.2,0.2,44,8.1
2025.12.11,00:00,23.59,Kreuther,346,235,581,6.6,8.2,0.0,100,0.0
2025.12.12,00:00,23.59,Kreuther,280,220,500,2.7,6.7,0.0,100,2.6
2025.12.13,00:00,23.59,Kreuther,118,112,230,0.5,4.0,0.0,100,0.0
2025.12.14,00:00,23.59,Kreuther,98,107,205,0.0,3.9,0.0,100,0.0
2025.12.15,00:00,23.59,Kreuther,320,276,596,-1.4,3.2,0.0,84,4.9
2025.12.16,00:00,23.59,Kreuther,314,241,555,-1.5,0.6,0.0,100,0.0
2025.12.17,00:00,23.59,Kreuther,297,241,538,-0.7,8.5,0.0,88,0.0
2025.12.18,00:00,23.59,Kreuther,337,253,590,0.4,12.6,0.0,38,6.9
2025.12.19,00:00,23.59,Kreuther,291,238,529,-1.5,13.5,0.2,55,7.1
2025.12.20,00:00,23.59,Kreuther,136,163,299,-0.7,8.7,0.0,55,7.6
2025.12.21,00:00,23.59,Kreuther,62,62,124,-2.0,0.2,0.0,90,0.0
2025.12.22,00:00,23.59,Kreuther,147,115,262,-1.7,0.4,0.0,100,0.0
2025.12.23,00:00,23.59,Kreuther,145,123,268,-0.2,1.6,0.5,99,0.0
2025.12.24,00:00,23.59,Kreuther,28,37,65,-1.1,1.2,1.6,96,0.0
2025.12.25,00:00,23.59,Kreuther,16,19,35,-2.2,1.2,0.0,71,3.3
2025.12.26,00:00,23.59,Kreuther,15,21,36,-2.7,-0.4,0.0,98,0.0
2025.12.27,00:00,23.59,Kreuther,64,72,136,-2.9,0.8,0.0,93,3.7
2025.12.28,00:00,23.59,Kreuther,51,51,102,-4.3,-0.7,0.0,94,0.0
2025.12.29,00:00,23.59,Kreuther,79,73,152,-5.2,-2.9,0.2,100,0.0
2025.12.30,00:00,23.59,Kreuther,58,52,110,-5.2,-0.2,0.0,79,0.0
2025.12.31,00:00,23.59,Kreuther,44,46,90,-7.0,0.1,0.0,30,8.1
2025.12.01,00:00,23.59,Olympia,885,874,1759,3.5,4.8,0.0,99,0.0
2025.12.02,00:00,23.59,Olympia,1041,1010,2051,0.1,5.0,0.0,84,5.0
2025.12.03,00:00,23.59,Olympia,930,929,1859,-0.3,1.4,0.0,100,0.0
2025.12.04,00:00,23.59,Olympia,851,867,1718,-0.3,0.7,1.2,100,0.0
2025.12.05,00:00,23.59,Olympia,643,604,1247,0.3,4.3,1.7,100,0.0
2025.12.06,00:00,23.59,Olympia,617,581,1198,1.3,8.2,1.4,91,2.2
2025.12.07,00:00,23.59,Olympia,441,367,808,6.8,9.4,17.6,98,0.0
2025.12.08,00:00,23.59,Olympia,944,885,1829,6.9,13.5,0.9,96,0.2
2025.12.09,00:00,23.59,Olympia,1198,1180,2378,3.3,15.5,0.0,69,7.7
2025.12.10,00:00,23.59,Olympia,1162,1148,2310,2.7,13.2,0.2,44,8.1
2025.12.11,00:00,23.59,Olympia,959,926,1885,6.6,8.2,0.0,100,0.0
2025.12.12,00:00,23.59,Olympia,866,845,1711,2.7,6.7,0.0,100,2.6
2025.12.13,00:00,23.59,Olympia,554,521,1075,0.5,4.0,0.0,100,0.0
2025.12.14,00:00,23.59,Olympia,523,468,991,0.0,3.9,0.0,100,0.0
2025.12.15,00:00,23.59,Olympia,864,851,1715,-1.4,3.2,0.0,84,4.9
2025.12.16,00:00,23.59,Olympia,931,906,1837,-1.5,0.6,0.0,100,0.0
2025.12.17,00:00,23.59,Olympia,867,857,1724,-0.7,8.5,0.0,88,0.0
2025.12.18,00:00,23.59,Olympia,1106,1088,2194,0.4,12.6,0.0,38,6.9
2025.12.19,00:00,23.59,Olympia,870,872,1742,-1.5,13.5,0.2,55,7.1
2025.12.20,00:00,23.59,Olympia,616,543,1159,-0.7,8.7,0.0,55,7.6
2025.12.21,00:00,23.59,Olympia,325,300,625,-2.0,0.2,0.0,90,0.0
2025.12.22,00:00,23.59,Olympia,396,378,774,-1.7,0.4,0.0,100,0.0
2025.12.23,00:00,23.59,Olympia,369,327,696,-0.2,1.6,0.5,99,0.0
2025.12.24,00:00,23.59,Olympia,84,67,151,-1.1,1.2,1.6,96,0.0
2025.12.25,00:00,23.59,Olympia,110,118,228,-2.2,1.2,0.0,71,3.3
2025.12.26,00:00,23.59,Olympia,123,114,237,-2.7,-0.4,0.0,98,0.0
2025.12.27,00:00,23.59,Olympia,208,217,425,-2.9,0.8,0.0,93,3.7
2025.12.28,00:00,23.59,Olympia,238,207,445,-4.3,-0.7,0.0,94,0.0
2025.12.29,00:00,23.59,Olympia,240,220,460,-5.2,-2.9,0.2,100,0.0
2025.12.30,00:00,23.59,Olympia,258,238,496,-5.2,-0.2,0.0,79,0.0
2025.12.31,00:00,23.59,Olympia,359,291,650,-7.0,0.1,0.0,30,8.1
2025.12.01,00:00,23.59,Hirsch,761,806,1567,3.5,4.8,0.0,99,0.0
2025.12.02,00:00,23.59,Hirsch,825,869,1694,0.1,5.0,0.0,84,5.0
2025.12.03,00:00,23.59,Hirsch,771,820,1591,-0.3,1.4,0.0,100,0.0
2025.12.04,00:00,23.59,Hirsch,715,737,1452,-0.3,0.7,1.2,100,0.0
2025.12.05,00:00,23.59,Hirsch,427,452,879,0.3,4.3,1.7,100,0.0
2025.12.06,00:00,23.59,Hirsch,283,263,546,1.3,8.2,1.4,91,2.2
2025.12.07,00:00,23.59,Hirsch,179,187,366,6.8,9.4,17.6,98,0.0
2025.12.08,00:00,23.59,Hirsch,722,764,1486,6.9,13.5,0.9,96,0.2
2025.12.09,00:00,23.59,Hirsch,975,974,1949,3.3,15.5,0.0,69,7.7
2025.12.10,00:00,23.59,Hirsch,1016,1032,2048,2.7,13.2,0.2,44,8.1
2025.12.11,00:00,23.59,Hirsch,825,863,1688,6.6,8.2,0.0,100,0.0
2025.12.12,00:00,23.59,Hirsch,648,643,1291,2.7,6.7,0.0,100,2.6
2025.12.13,00:00,23.59,Hirsch,250,250,500,0.5,4.0,0.0,100,0.0
2025.12.14,00:00,23.59,Hirsch,256,216,472,0.0,3.9,0.0,100,0.0
2025.12.15,00:00,23.59,Hirsch,760,768,1528,-1.4,3.2,0.0,84,4.9
2025.12.16,00:00,23.59,Hirsch,804,826,1630,-1.5,0.6,0.0,100,0.0
2025.12.17,00:00,23.59,Hirsch,781,825,1606,-0.7,8.5,0.0,88,0.0
2025.12.18,00:00,23.59,Hirsch,820,839,1659,0.4,12.6,0.0,38,6.9
2025.12.19,00:00,23.59,Hirsch,656,665,1321,-1.5,13.5,0.2,55,7.1
2025.12.20,00:00,23.59,Hirsch,324,320,644,-0.7,8.7,0.0,55,7.6
2025.12.21,00:00,23.59,Hirsch,156,156,312,-2.0,0.2,0.0,90,0.0
2025.12.22,00:00,23.59,Hirsch,402,402,804,-1.7,0.4,0.0,100,0.0
2025.12.23,00:00,23.59,Hirsch,300,301,601,-0.2,1.6,0.5,99,0.0
2025.12.24,00:00,23.59,Hirsch,50,38,88,-1.1,1.2,1.6,96,0.0
2025.12.25,00:00,23.59,Hirsch,43,46,89,-2.2,1.2,0.0,71,3.3
2025.12.26,00:00,23.59,Hirsch,56,58,114,-2.7,-0.4,0.0,98,0.0
2025.12.27,00:00,23.59,Hirsch,130,120,250,-2.9,0.8,0.0,93,3.7
2025.12.28,00:00,23.59,Hirsch,91,94,185,-4.3,-0.7,0.0,94,0.0
2025.12.29,00:00,23.59,Hirsch,212,222,434,-5.2,-2.9,0.2,100,0.0
2025.12.30,00:00,23.59,Hirsch,152,148,300,-5.2,-0.2,0.0,79,0.0
2025.12.31,00:00,23.59,Hirsch,87,83,170,-7.0,0.1,0.0,30,8.1
2025.12.01,00:00,23.59,Erhardt,1592,1160,2752,3.5,4.8,0.0,99,0.0
2025.12.02,00:00,23.59,Erhardt,1878,1493,3371,0.1,5.0,0.0,84,5.0
2025.12.03,00:00,23.59,Erhardt,1667,1349,3016,-0.3,1.4,0.0,100,0.0
2025.12.04,00:00,23.59,Erhardt,1648,1360,3008,-0.3,0.7,1.2,100,0.0
2025.12.05,00:00,23.59,Erhardt,995,932,1927,0.3,4.3,1.7,100,0.0
2025.12.06,00:00,23.59,Erhardt,778,819,1597,1.3,8.2,1.4,91,2.2
2025.12.07,00:00,23.59,Erhardt,591,590,1181,6.8,9.4,17.6,98,0.0
2025.12.08,00:00,23.59,Erhardt,1584,1307,2891,6.9,13.5,0.9,96,0.2
2025.12.09,00:00,23.59,Erhardt,2231,1796,4027,3.3,15.5,0.0,69,7.7
2025.12.10,00:00,23.59,Erhardt,2167,1801,3968,2.7,13.2,0.2,44,8.1
2025.12.11,00:00,23.59,Erhardt,1843,1525,3368,6.6,8.2,0.0,100,0.0
2025.12.12,00:00,23.59,Erhardt,1505,1437,2942,2.7,6.7,0.0,100,2.6
2025.12.13,00:00,23.59,Erhardt,855,883,1738,0.5,4.0,0.0,100,0.0
2025.12.14,00:00,23.59,Erhardt,729,798,1527,0.0,3.9,0.0,100,0.0
2025.12.15,00:00,23.59,Erhardt,1720,1318,3038,-1.4,3.2,0.0,84,4.9
2025.12.16,00:00,23.59,Erhardt,1707,1423,3130,-1.5,0.6,0.0,100,0.0
2025.12.17,00:00,23.59,Erhardt,1756,1545,3301,-0.7,8.5,0.0,88,0.0
2025.12.18,00:00,23.59,Erhardt,1820,1643,3463,0.4,12.6,0.0,38,6.9
2025.12.19,00:00,23.59,Erhardt,1693,1495,3188,-1.5,13.5,0.2,55,7.1
2025.12.20,00:00,23.59,Erhardt,1008,1109,2117,-0.7,8.7,0.0,55,7.6
2025.12.21,00:00,23.59,Erhardt,556,569,1125,-2.0,0.2,0.0,90,0.0
2025.12.22,00:00,23.59,Erhardt,869,823,1692,-1.7,0.4,0.0,100,0.0
2025.12.23,00:00,23.59,Erhardt,590,626,1216,-0.2,1.6,0.5,99,0.0
2025.12.24,00:00,23.59,Erhardt,143,144,287,-1.1,1.2,1.6,96,0.0
2025.12.25,00:00,23.59,Erhardt,115,120,235,-2.2,1.2,0.0,71,3.3
2025.12.26,00:00,23.59,Erhardt,168,180,348,-2.7,-0.4,0.0,98,0.0
2025.12.27,00:00,23.59,Erhardt,359,428,787,-2.9,0.8,0.0,93,3.7
2025.12.28,00:00,23.59,Erhardt,290,328,618,-4.3,-0.7,0.0,94,0.0
2025.12.29,00:00,23.59,Erhardt,491,504,995,-5.2,-2.9,0.2,100,0.0
2025.12.30,00:00,23.59,Erhardt,412,411,823,-5.2,-0.2,0.0,79,0.0
2025.12.31,00:00,23.59,Erhardt,305,358,663,-7.0,0.1,0.0,30,8.1
